#Scientific name,Protein,BioSample,Isolate,Target_genome,Contig,Strand,Element symbol,Element name,Host,Organism group,Location,Element length,Type,Scope,Subtype,Class,Subclass,Method,% Coverage of reference,% Identity to reference
Providencia stuartii ATCC 25827,WP_004918308.1,SAMN00000020,PDT000005510.2,ATGGGCATAGAATACCGCAGTCTGCATACCAGCCAATTGACACTGAGTGAAAAAGAAGCGCTTTACGATTTATTAATTGAAGGTTTTGAAGGCGATTTTTCGCATGACGATTTCGCGCACACTTTAGGTGGAATGCACGTCATGGCTTTTGATCAACAAAAATTGGTTGGTCATGTTGCAATTATTCAACGCCATATGGCCCTAGATAATACGCCTATCTCTGTAGGGTATGTTGAAGCGATGGTGGTTGAACAAAGTTATCGTCGCCAAGGTATTGGGCGGCAATTGATGCTGCAAACCAATAAAATTATAGCTTCGTGTTATCAATTAGGGCTGCTGTCGGCTTCGGATGATGGACAAAAATTGTATCATTCGGTTGGATGGCAAATCTGGAAAGGTAAGTTGTTTGAATTGAAACAAGGGAGCTATATCCGTTCTATTGAAGAAGAAGGCGGAGTCATGGGCTGGAAAGCGGATGGTGAGGTTGATTTTACCGCTTCGCTTTACTGTGATTTTCGTGGCGGTGATCAGTGGTAA,NZ_DS607663.1,+,aac(2')-Ia,aminoglycoside N-acetyltransferase AAC(2')-Ia,Homo sapiens,Providencia alcalifaciens,not determined,178,AMR,core,AMR,AMINOGLYCOSIDE,GENTAMICIN/TOBRAMYCIN,EXACTP,100,100
Providencia stuartii,WP_004918308.1,SAMN10252231,PDT000398339.1,TTACCACTGATCACCGCCACGAAAATCACAGTAAAGCGAAGCGGTAAAATCAACCTCACCATCCGCTTTCCAGCCCATGACTCCGCCTTCTTCTTCAATAGAACGGATATAGCTCCCTTGTTTCAATTCAAACAACTTACCTTTCCAGATTTGCCATCCAACCGAATGATACAATTTTTGTCCATCATCTGAAGCCGACAGCAGCCCTAATTGATAACACGAAGCTATAATTTTATTGGTTTGCAGCATCAATTGCCGCCCAATACCTTGGCGACGATAACTTTGTTCAACTACCATCGCTTCAACATACCCTACAGAGATAGGCGTATTATCTAGGGCCATATGGCGTTGAATAATTGCAACATGACCAACCAATTTTTGTTGATCAAAAGCCATGACGTGCATTCCACCTAAAGTGTGCGCGAAATCGTCATGCGAAAAATCGCCTTCAAAACCTTCAATTAATAAATCGTAAAGCGCTTCTTTTTCACTCAGTGTCAATTGGCTGGTATGCAGACTGCGGTATTCTATGCCCAT,NZ_RDWX01000001.1,-,aac(2')-Ia,aminoglycoside N-acetyltransferase AAC(2')-Ia,,Providencia alcalifaciens,Germany,178,AMR,core,AMR,AMINOGLYCOSIDE,GENTAMICIN/TOBRAMYCIN,EXACTP,100,100
Providencia stuartii,WP_004918308.1,SAMN17965017,PDT000977658.1,TTACCACTGATCACCGCCACGAAAATCACAGTAAAGCGAAGCGGTAAAATCAACCTCACCATCCGCTTTCCAGCCCATGACTCCGCCTTCTTCTTCAATAGAACGGATATAGCTCCCTTGTTTCAATTCAAACAACTTACCTTTCCAGATTTGCCATCCAACCGAATGATACAATTTTTGTCCATCATCTGAAGCCGACAGCAGCCCTAATTGATAACACGAAGCTATAATTTTATTGGTTTGCAGCATCAATTGCCGCCCAATACCTTGGCGACGATAACTTTGTTCAACTACCATCGCTTCAACATACCCTACAGAGATAGGCGTATTATCTAGGGCCATATGGCGTTGAATAATTGCAACATGACCAACCAATTTTTGTTGATCAAAAGCCATGACGTGCATTCCACCTAAAGTGTGCGCGAAATCGTCATGCGAAAAATCGCCTTCAAAACCTTCAATTAATAAATCGTAAAGCGCTTCTTTTTCACTCAGTGTCAATTGGCTGGTATGCAGACTGCGGTATTCTATGCCCAT,NZ_JAFJBQ010000001.1,-,aac(2')-Ia,aminoglycoside N-acetyltransferase AAC(2')-Ia,Homo sapiens,Providencia alcalifaciens,"USA: Pittsburgh, Pennsylvania",178,AMR,core,AMR,AMINOGLYCOSIDE,GENTAMICIN/TOBRAMYCIN,EXACTP,100,100
Providencia stuartii,WP_004918308.1,SAMN20960141,PDT001549678.1,TTACCACTGATCACCGCCACGAAAATCACAGTAAAGCGAAGCGGTAAAATCAACCTCACCATCCGCTTTCCAGCCCATGACTCCGCCTTCTTCTTCAATAGAACGGATATAGCTCCCTTGTTTCAATTCAAACAACTTACCTTTCCAGATTTGCCATCCAACCGAATGATACAATTTTTGTCCATCATCCGAAGCCGACAGCAGCCCTAATTGATAACACGAAGCTATAATTTTATTGGTTTGCAGCATCAATTGCCGCCCAATACCTTGGCGACGATAACTTTGTTCAACCACCATCGCTTCAACATACCCTACAGAGATAGGCGTATTATCTAGGGCCATATGGCGTTGAATAATTGCAACATGACCAACCAATTTTTGTTGATCAAAAGCCATGACGTGCATTCCACCTAAAGTGTGCGCGAAATCGTCATGCGAAAAATCGCCTTCAAAACCTTCAATTAATAAATCGTAAAGCGCTTCTTTTTCACTCAGTGTCAATTGGCTGGTATGCAGACTGCGGTATTCTATGCCTAT,NZ_CP114582.1,-,aac(2')-Ia,aminoglycoside N-acetyltransferase AAC(2')-Ia,Homo sapiens,Providencia alcalifaciens,USA,178,AMR,core,AMR,AMINOGLYCOSIDE,GENTAMICIN/TOBRAMYCIN,EXACTP,100,100
Providencia stuartii,WP_004918308.1,SAMD00185880,PDT000681536.1,ATGGGCATAGAATACCGCAGTCTGCATACCAGCCAATTGACACTGAGTGAAAAAGAAGCGCTTTACGATTTATTAATTGAAGGTTTTGAAGGCGATTTTTCGCATGACGATTTCGCGCACACTTTAGGTGGAATGCACGTCATGGCTTTTGATCAACAAAAATTGGTTGGTCATGTTGCAATTATTCAACGCCATATGGCCCTAGATAATACGCCTATCTCTGTAGGGTATGTTGAAGCGATGGTGGTTGAACAAAGTTATCGTCGCCAAGGTATTGGGCGGCAATTGATGCTGCAAACCAATAAAATTATAGCTTCGTGTTATCAATTAGGGCTGCTGTCGGCTTCGGATGATGGACAAAAATTGTATCATTCGGTTGGATGGCAAATCTGGAAAGGTAAGTTGTTTGAATTGAAACAAGGGAGCTATATCCGTTCTATTGAAGAAGAAGGCGGAGTCATGGGCTGGAAAGCGGATGGTGAGGTTGATTTTACCGCTTCGCTTTACTGTGATTTTCGTGGCGGTGATCAGTGGTAA,NZ_AP022374.1,+,aac(2')-Ia,aminoglycoside N-acetyltransferase AAC(2')-Ia,Homo sapiens,Providencia alcalifaciens,Japan:Saitama,178,AMR,core,AMR,AMINOGLYCOSIDE,GENTAMICIN/TOBRAMYCIN,EXACTP,100,100
Providencia stuartii,WP_004918308.1,SAMN10435851,PDT000903697.1,ATGGGCATAGAATACCGCAGTCTGCATACCAGCCAATTGACACTGAGTGAAAAAGAAGCGCTTTACGATTTATTAATTGAAGGTTTTGAAGGCGATTTTTCGCATGACGATTTCGCGCACACTTTAGGTGGAATGCACGTCATGGCTTTTGATCAACAAAAATTGGTTGGTCATGTTGCAATTATTCAACGCCATATGGCCCTAGATAATACGCCTATCTCTGTAGGGTATGTTGAAGCGATGGTAGTTGAACAAAGTTATCGTCGCCAAGGTATTGGGCGGCAATTGATGCTGCAAACCAATAAAATTATAGCTTCGTGTTATCAATTAGGGCTGCTGTCGGCTTCAGATGATGGACAAAAATTGTATCATTCGGTTGGATGGCAAATCTGGAAAGGTAAGTTGTTTGAATTGAAACAAGGGAGCTATATCCGTTCTATTGAAGAAGAAGGCGGAGTCATGGGCTGGAAAGCGGATGGTGAGGTTGATTTTACCGCTTCGCTTTACTGTGATTTTCGTGGCGGTGATCAGTGGTAA,NZ_JADSTI010000002.1,+,aac(2')-Ia,aminoglycoside N-acetyltransferase AAC(2')-Ia,Homo sapiens,Providencia alcalifaciens,"USA: Pittsburgh, Pennsylvania",178,AMR,core,AMR,AMINOGLYCOSIDE,GENTAMICIN/TOBRAMYCIN,EXACTP,100,100
Providencia stuartii,WP_004918308.1,SAMN18511047,PDT001009250.1,TTACCACTGATCACCGCCACGAAAATCACAGTAAAGCGAAGCGGTAAAATCAACCTCACCATCCGCTTTCCAGCCCATGACTCCGCCTTCTTCTTCAATAGAACGGATATAGCTCCCTTGTTTCAATTCAAACAACTTACCTTTCCAGATTTGCCATCCAACCGAATGATACAATTTTTGTCCATCATCCGAAGCCGACAGCAGCCCTAATTGATAACACGAAGCTATAATTTTATTGGTTTGCAGCATCAATTGCCGCCCAATACCTTGGCGACGATAACTTTGTTCAACCACCATCGCTTCAACATACCCTACAGAGATAGGCGTATTATCTAGGGCCATATGGCGTTGAATAATTGCAACATGACCAACCAATTTTTGTTGATCAAAAGCCATGACGTGCATTCCACCTAAAGTGTGCGCGAAATCGTCATGCGAAAAATCGCCTTCAAAACCTTCAATTAATAAATCGTAAAGCGCTTCTTTTTCACTCAGTGTCAATTGGCTGGTATGCAGACTGCGGTATTCTATGCCTAT,NZ_JAGKNK010000001.1,-,aac(2')-Ia,aminoglycoside N-acetyltransferase AAC(2')-Ia,Homo sapiens,Providencia alcalifaciens,USA,178,AMR,core,AMR,AMINOGLYCOSIDE,GENTAMICIN/TOBRAMYCIN,EXACTP,100,100
Providencia stuartii,WP_004918308.1,SAMN17736026,PDT001012095.1,ATGGGCATAGAATACCGCAGTCTGCATACCAGCCAATTGACACTGAGTGAAAAAGAAGCGCTTTACGATTTATTAATTGAAGGTTTTGAAGGCGATTTTTCGCATGACGATTTCGCGCACACTTTAGGTGGAATGCACGTCATGGCTTTTGATCAACAAAAATTGGTTGGTCATGTTGCAATTATTCAACGCCATATGGCCCTAGATAATACGCCTATCTCTGTAGGGTATGTTGAAGCGATGGTGGTTGAACAAAGTTATCGTCGCCAAGGTATTGGGCGGCAATTGATGCTGCAAACCAATAAAATTATAGCTTCGTGTTATCAATTAGGGCTGCTGTCGGCTTCGGATGATGGACAAAAATTGTATCATTCGGTTGGATGGCAAATCTGGAAAGGTAAGTTGTTTGAATTGAAACAAGGGAGCTATATCCGTTCTATTGAAGAAGAAGGCGGAGTCATGGGCTGGAAAGCGGATGGTGAGGTTGATTTTACCGCTTCGCTTTACTGTGATTTTCGTGGCGGTGATCAGTGGTAA,NZ_CP071068.1,+,aac(2')-Ia,aminoglycoside N-acetyltransferase AAC(2')-Ia,Homo sapiens,Providencia alcalifaciens,Switzerland,178,AMR,core,AMR,AMINOGLYCOSIDE,GENTAMICIN/TOBRAMYCIN,EXACTP,100,100
Providencia stuartii,WP_004918308.1,SAMN29222022,PDT001391501.1,TTACCACTGATCACCGCCACGAAAATCACAGTAAAGCGAAGCGGTAAAATCAACCTCACCATCCGCTTTCCAGCCCATGACTCCGCCTTCTTCTTCAATAGAACGGATATAGCTCCCTTGTTTCAATTCAAACAACTTACCTTTCCAGATTTGCCATCCAACCGAATGATACAATTTTTGTCCATCATCTGAAGCCGACAGCAGCCCTAATTGATAACACGAAGCTATAATTTTATTGGTTTGCAGCATCAATTGCCGCCCAATACCTTGGCGACGATAACTTTGTTCAACTACCATCGCTTCAACATACCCTACAGAGATAGGCGTATTATCTAGGGCCATATGGCGTTGAATAATTGCAACATGACCAACCAATTTTTGTTGATCAAAAGCCATGACGTGCATTCCACCTAAAGTGTGCGCGAAATCGTCATGCGAAAAATCGCCTTCAAAACCTTCAATTAATAAATCGTAAAGCGCTTCTTTTTCACTCAGTGTCAATTGGCTGGTATGCAGACTGCGGTATTCTATGCCCAT,NZ_JANKKP010000002.1,-,aac(2')-Ia,aminoglycoside N-acetyltransferase AAC(2')-Ia,Homo sapiens,Providencia alcalifaciens,Ghana,178,AMR,core,AMR,AMINOGLYCOSIDE,GENTAMICIN/TOBRAMYCIN,EXACTP,100,100
Providencia stuartii,WP_004918308.1,SAMD00510775,PDT001481770.1,TTACCACTGATCACCGCCACGAAAATCACAGTAAAGCGAAGCGGTAAAATCAACCTCACCATCCGCTTTCCAGCCCATGACTCCGCCTTCTTCTTCAATAGAACGGATATAGCTCCCTTGTTTCAATTCAAACAACTTACCTTTCCAGATTTGCCATCCAACCGAATGATACAATTTTTGTCCATCATCTGAAGCCGACAGCAGCCCTAATTGATAACACGAAGCTATAATTTTATTGGTTTGCAGCATCAATTGCCGCCCAATACCTTGGCGACGATAACTTTGTTCAACTACCATCGCTTCAACATACCCTACAGAGATAGGCGTATTATCTAGGGCCATATGGCGTTGAATAATTGCAACATGACCAACCAATTTTTGTTGATCAAAAGCCATGACGTGCATTCCACCTAAAGTGTGCGCGAAATCGTCATGCGAAAAATCGCCTTCAAAACCTTCAATTAATAAATCGTAAAGCGCTTCTTTTTCACTCAGTGTCAATTGGCTGGTATGCAGACTGCGGTATTCTATGCCCAT,NZ_BRQK01000002.1,-,aac(2')-Ia,aminoglycoside N-acetyltransferase AAC(2')-Ia,,Providencia alcalifaciens,Japan,178,AMR,core,AMR,AMINOGLYCOSIDE,GENTAMICIN/TOBRAMYCIN,EXACTP,100,100
Providencia stuartii,WP_004918308.1,SAMN20674993,PDT001549677.1,ATAGGCATAGAATACCGCAGTCTGCATACCAGCCAATTGACACTGAGTGAAAAAGAAGCGCTTTACGATTTATTAATTGAAGGTTTTGAAGGCGATTTTTCGCATGACGATTTCGCGCACACTTTAGGTGGAATGCACGTCATGGCTTTTGATCAACAAAAATTGGTTGGTCATGTTGCAATTATTCAACGCCATATGGCCCTAGATAATACGCCTATCTCTGTAGGGTATGTTGAAGCGATGGTGGTTGAACAAAGTTATCGTCGCCAAGGTATTGGGCGGCAATTGATGCTGCAAACCAATAAAATTATAGCTTCGTGTTATCAATTAGGGCTGCTGTCGGCTTCGGATGATGGACAAAAATTGTATCATTCGGTTGGATGGCAAATCTGGAAAGGTAAGTTGTTTGAATTGAAACAAGGGAGCTATATCCGTTCTATTGAAGAAGAAGGCGGAGTCATGGGCTGGAAAGCGGATGGTGAGGTTGATTTTACCGCTTCGCTTTACTGTGATTTTCGTGGCGGTGATCAGTGGTAA,NZ_CP114580.1,+,aac(2')-Ia,aminoglycoside N-acetyltransferase AAC(2')-Ia,Homo sapiens,Providencia alcalifaciens,USA,178,AMR,core,AMR,AMINOGLYCOSIDE,GENTAMICIN/TOBRAMYCIN,EXACTP,100,100
Providencia stuartii,WP_004918308.1,SAMN35769002,PDT001807411.1,TTACCACTGATCACCGCCACGAAAATCACAGTAAAGCGAAGCGGTAAAATCAACCTCACCATCCGCTTTCCAGCCCATGACTCCGCCTTCTTCTTCAATAGAACGGATATAGCTCCCTTGTTTCAATTCAAACAACTTACCTTTCCAGATTTGCCATCCAACCGAATGATACAATTTTTGTCCATCATCTGAAGCCGACAGCAGCCCTAATTGATAACACGAAGCTATAATTTTATTGGTTTGCAGCATCAATTGCCGCCCAATACCTTGGCGACGATAACTTTGTTCAACTACCATCGCTTCAACATACCCTACAGAGATAGGCGTATTATCTAGGGCCATATGGCGTTGAATAATTGCAACATGACCAACCAATTTTTGTTGATCAAAAGCCATGACGTGCATTCCACCTAAAGTGTGCGCGAAATCGTCATGCGAAAAATCGCCTTCAAAACCTTCAATTAATAAATCGTAAAGCGCTTCTTTTTCACTCAGTGTCAATTGGCTGGTATGCAGACTGCGGTATTCTATGCCCAT,NZ_JAUEHO010000002.1,-,aac(2')-Ia,aminoglycoside N-acetyltransferase AAC(2')-Ia,,Providencia alcalifaciens,Japan,178,AMR,core,AMR,AMINOGLYCOSIDE,GENTAMICIN/TOBRAMYCIN,EXACTP,100,100
Providencia stuartii,WP_004918308.1,SAMN30951048,PDT001906250.1,TTACCACTGATCACCGCCACGAAAATCACAGTAAAGCGAAGCGGTAAAATCAACCTCACCATCCGCTTTCCAGCCCATGACTCCGCCTTCTTCTTCAATAGAACGGATATAGCTCCCTTGTTTCAATTCAAACAACTTACCTTTCCAGATTTGCCATCCAACCGAATGATACAATTTTTGTCCATCATCCGAAGCCGACAGCAGCCCTAATTGATAACACGAAGCTATAATTTTATTGGTTTGCAGCATCAATTGCCGCCCAATACCTTGGCGACGATAACTTTGTTCAACCACCATCGCTTCAACATACCCTACAGAGATAGGCGTATTATCTAGGGCCATATGGCGTTGAATAATTGCAACATGACCAACCAATTTTTGTTGATCAAAAGCCATGACGTGCATTCCACCTAAAGTGTGCGCGAAATCGTCATGCGAAAAATCGCCTTCAAAACCTTCAATTAATAAATCGTAAAGCGCTTCTTTTTCACTCAGTGTCAATTGGCTGGTATGCAGACTGCGGTATTCTATGCCCAT,NZ_JAPKIR010000002.1,-,aac(2')-Ia,aminoglycoside N-acetyltransferase AAC(2')-Ia,Homo sapiens,Providencia alcalifaciens,Brazil: Belo Horizonte,178,AMR,core,AMR,AMINOGLYCOSIDE,GENTAMICIN/TOBRAMYCIN,EXACTP,100,100
Providencia stuartii,WP_004918308.1,SAMN34300468,PDT001910087.1,TTACCACTGATCACCGCCACGAAAATCACAGTAAAGCGAAGCGGTAAAATCAACCTCACCATCCGCTTTCCAGCCCATGACTCCGCCTTCTTCTTCAATAGAACGGATATAGCTCCCTTGTTTCAATTCAAACAACTTACCTTTCCAGATTTGCCATCCAACCGAATGATACAATTTTTGTCCATCATCTGAAGCCGACAGCAGCCCTAATTGATAACACGAAGCTATAATTTTATTGGTTTGCAGCATCAATTGCCGCCCAATACCTTGGCGACGATAACTTTGTTCAACTACCATCGCTTCAACATACCCTACAGAGATAGGCGTATTATCTAGGGCCATATGGCGTTGAATAATTGCAACATGACCAACCAATTTTTGTTGATCAAAAGCCATGACGTGCATTCCACCTAAAGTGTGCGCGAAATCGTCATGCGAAAAATCGCCTTCAAAACCTTCAATTAATAAATCGTAAAGCGCTTCTTTTTCACTCAGTGTCAATTGGCTGGTATGCAGACTGCGGTATTCTATGCCCAT,NZ_JASDEW010000001.1,-,aac(2')-Ia,aminoglycoside N-acetyltransferase AAC(2')-Ia,Homo sapiens,Providencia alcalifaciens,Bangladesh: Dhaka,178,AMR,core,AMR,AMINOGLYCOSIDE,GENTAMICIN/TOBRAMYCIN,EXACTP,100,100
Providencia stuartii,ELX8379005.1,SAMN38280533,PDT001986432.1,TTACCATTGATCACCGCCGCGAAAATCACAATACAGTGAAGCACTCAAATCAATTTCACCATCAGCTTTCCAGCCCATAAGCCCACCTTCTTCTTCAATAGAGCGGATATAGTGACCTTGCTTTAATTCGAATAGTTTGCCTTTCCATACTCTCCAGCCAACCGAATGATACAATTTCTCTCCTTCTTCCGAAGCCGATAACAAACCTAACGGATAACATGAACCAATGATTTTATTCGTTTGTAACATCAATTGTCGCCCAATCCCTTGACGTCGATAGTCATGTAAAACCACCATAGCTTCAACATAACCAACAGAAATAGGCGCTTCATTGATTGCCATATGACGCTGAATTATCGCAACATGGCCAACCATTTTTTGTTGGTCAAAGGCAACCACATGCATTCCACCGAGAGTATGTGCAAAATCATCATGCGTAAAATCCCCTTCAAAGCCTTCCACAAGCAAATGATAAAGCCTCTCTTTTTCATCTTGTGATAATTGGGATGTATGCAGATTGCGATATTCGATAGCCAT,ABPBNZ010000005.1,-,aac(2')-Ia,aminoglycoside N-acetyltransferase AAC(2')-Ia,Homo sapiens,Providencia alcalifaciens,USA,178,AMR,core,AMR,AMINOGLYCOSIDE,GENTAMICIN/TOBRAMYCIN,HMM,100,83.15
Providencia stuartii,ELZ5938935.1,SAMN38671952,PDT002017841.1,ATGGCTATCGAATATCGCAATCTGCATACATCCCAATTATCACAAGATGAAAAAGAGAGGCTTTATCACTTGCTTGTGGAAGGCTTTGAAGGGGATTTTACGCATGATGATTTTGCACATACTCTCGGTGGAATGCATGTGGTTGCCTTTGACCAACAAAAAATGGTTGGCCATGTTGCGATAATTCAGCGTCATATGGCAATCAATGAAGCGCCTATTTCTGTTGGTTATGTTGAAGCTATGGTGGTTTTACATGACTATCGACGTCAAGGGATTGGGCGACAATTGATGTTACAAACGAATAAAATCATTGGTTCATGTTATCCGTTAGGTTTGTTATCGGCTTCGGAAGAAGGAGAGAAATTGTATCATTCGGTTGGCTGGAGAGTATGGAAAGGCAAACTATTCGAATTAAAGCAAGGCCACTATATCCGCTCTATTGAAGAAGAAGGTGGGGTTATGGGTTGGAAAGCTGATGGTGAAATTGATTTGAGTGCTTCACTGTATTGTGATTTTCGCGGCGGTGATCAATGGTAA,ABPHUR010000003.1,+,aac(2')-Ia,aminoglycoside N-acetyltransferase AAC(2')-Ia,Homo sapiens,Providencia alcalifaciens,USA,178,AMR,core,AMR,AMINOGLYCOSIDE,GENTAMICIN/TOBRAMYCIN,HMM,100,83.71
Providencia stuartii,WP_004918308.1,SAMN07974484,PDT000279246.1,TTACCACTGATCACCGCCACGAAAATCACAGTAAAGCGAAGCGGTAAAATCAACCTCACCATCCGCTTTCCAGCCCATGACTCCGCCTTCTTCTTCAATAGAACGGATATAGCTCCCTTGTTTCAATTCAAACAACTTACCTTTCCAGATTTGCCATCCGACCGAATGATACAATTTTTGTCCATCATCCGAAGCCGACAGCAGCCCTAATTGATAACACGAAGCTATAATTTTATTGGTTTGCAGCATCAATTGCCGCCCAATACCTTGGCGACGATAACTTTGTTCAACCACCATCGCTTCAACATACCCTACAGAGATAGGCGTATTATCTAGGGCCATATGGCGTTGAATAATTGCAACATGACCAACCAATTTTTGTTGATCAAAAGCCATGACGTGCATTCCACCTAAAGTGTGCGCGAAATCGTCATGCGAAAAATCGCCTTCAAAACCTTCAATTAATAAATCGTAAAGCGCTTCTTTTTCACTCAGTGTCAATTGGCTGGTATGCAGACTGCGGTATTCTATGCCCAT,NZ_PGGX01000003.1,-,aac(2')-Ia,aminoglycoside N-acetyltransferase AAC(2')-Ia,Homo sapiens,Providencia alcalifaciens,USA: Pennsylvania,178,AMR,core,AMR,AMINOGLYCOSIDE,GENTAMICIN/TOBRAMYCIN,EXACTP,100,100
Providencia stuartii,WP_004918308.1,SAMN06173304,PDT000294450.1,ATGGGCATAGAATACCGCAGTCTGCATACCAGCCAATTGACACTGAGTGAAAAAGAAGCGCTTTACGATTTATTAATTGAAGGTTTTGAAGGCGATTTTTCGCATGACGATTTCGCGCACACTTTAGGTGGAATGCACGTCATGGCTTTTGATCAACAAAAATTGGTTGGTCATGTTGCAATTATTCAACGCCATATGGCCCTAGATAATACGCCTATCTCTGTAGGGTATGTTGAAGCGATGGTAGTTGAACAAAGTTATCGTCGCCAAGGTATTGGGCGGCAATTGATGCTGCAAACCAATAAAATTATAGCTTCGTGTTATCAATTAGGGCTGCTGTCGGCTTCAGATGATGGACAAAAATTGTATCATTCGGTTGGATGGCAAATCTGGAAAGGTAAGTTGTTTGAATTGAAACAAGGGAGCTATATCCGTTCTATTGAAGAAGAAGGCGGAGTCATGGGCTGGAAAGCGGATGGTGAGGTTGATTTTACCGCTTCGCTTTACTGTGATTTTCGTGGCGGTGATCAGTGGTAA,NZ_CP027398.1,+,aac(2')-Ia,aminoglycoside N-acetyltransferase AAC(2')-Ia,Homo sapiens,Providencia alcalifaciens,USA:DC,178,AMR,core,AMR,AMINOGLYCOSIDE,GENTAMICIN/TOBRAMYCIN,EXACTP,100,100
Providencia stuartii,WP_004918308.1,SAMEA5850810,PDT000572875.1,ATGGGCATAGAATACCGCAGTCTGCATACCAGCCAATTGACACTGAGTGAAAAAGAAGCGCTTTACGATTTATTAATTGAAGGTTTTGAAGGCGATTTTTCGCATGACGATTTCGCGCACACTTTAGGTGGAATGCACGTCATGGCTTTTGATCAACAAAAATTGGTTGGTCATGTTGCAATTATTCAACGCCATATGGCCCTAGATAATACGCCTATCTCTGTAGGGTATGTTGAAGCGATGGTGGTTGAACAAAGTTATCGTCGCCAAGGTATTGGGCGGCAATTGATGCTGCAAACCAATAAAATTATAGCTTCGTGTTATCAATTAGGGCTGCTGTCGGCTTCGGATGATGGACAAAAATTGTATCATTCGGTTGGATGGCAAATCTGGAAAGGTAAGTTGTTTGAATTGAAACAAGGGAGCTATATCCGTTCTATTGAAGAAGAAGGCGGAGTCATGGGCTGGAAAGCGGATGGTGAGGTTGATTTTACCGCTTCGCTTTACTGTGATTTTCGTGGCGGTGATCAGTGGTAA,NZ_CABKNN010000022.1,+,aac(2')-Ia,aminoglycoside N-acetyltransferase AAC(2')-Ia,,Providencia alcalifaciens,not provided,178,AMR,core,AMR,AMINOGLYCOSIDE,GENTAMICIN/TOBRAMYCIN,EXACTP,100,100
Providencia stuartii,ELR5120474.1,SAMN14126913,PDT000687529.5,ATGGCTATCGAATATCGCAATCTGCATACATCCCAATTATCACAAGATGAAAAAGAGAGGCTTTATCACTTGCTTGTGGAAGGCTTTGAAGGGGATTTTACGCATGATGATTTTGCACATACTCTCGGTGGAATGCATGTGGTTGCCTTTGACCAACAAAAAATGGTTGGCCATGTTGCGATAATTCAGCGTCATATGGCAATCAATGAAGCGCCTATTTCTGTTGGTTATGTTGAAGCTATGGTGGTTTTACATGACTATCGACGTCAAGGGATTGGGCGACAATTGATGTTACAAACGAATAAAATCATTGGTTCATGTTATCCGTTAGGTTTGTTATCGGCTTCGGAAGAAGGAGAGAAATTGTATCATTCGGTTGGCTGGAGAGTATGGAAAGGCAAACTATTCGAATTAAAGCAAGGCCACTATATCCGCTCTATTGAAGAAGAAGGTGGGGTTATGGGCTGGAAAGCTGATGGTGAAATTGATTTGAGTGCTTCACTGTATTGTGATTTTCGCGGCGGTGATCAATGGTAA,ABMACJ020000001.1,-,aac(2')-Ia,aminoglycoside N-acetyltransferase AAC(2')-Ia,Homo sapiens,Providencia alcalifaciens,USA,178,AMR,core,AMR,AMINOGLYCOSIDE,GENTAMICIN/TOBRAMYCIN,HMM,100,83.71
Providencia stuartii,WP_004918308.1,SAMN12220719,PDT000903692.1,ATGGGCATAGAATACCGCAGTCTGCATACCAGCCAATTGACACTGAGTGAAAAAGAAGCGCTTTACGATTTATTAATTGAAGGTTTTGAAGGCGATTTTTCGCATGACGATTTCGCGCACACTTTAGGTGGAATGCACGTCATGGCTTTTGATCAACAAAAATTGGTTGGTCATGTTGCAATTATTCAACGCCATATGGCCCTAGATAATACGCCTATCTCTGTAGGGTATGTTGAAGCGATGGTAGTTGAACAAAGTTATCGTCGCCAAGGTATTGGGCGGCAATTGATGCTGCAAACCAATAAAATTATAGCTTCGTGTTATCAATTAGGGCTGCTGTCGGCTTCAGATGATGGACAAAAATTGTATCATTCGGTTGGATGGCAAATCTGGAAAGGTAAGTTGTTTGAATTGAAACAAGGGAGCTATATCCGTTCTATTGAAGAAGAAGGCGGAGTCATGGGCTGGAAAGCGGATGGTGAGGTTGATTTTACCGCTTCGCTTTACTGTGATTTTCGTGGCGGTGATCAGTGGTAA,NZ_JADSTB010000002.1,+,aac(2')-Ia,aminoglycoside N-acetyltransferase AAC(2')-Ia,Homo sapiens,Providencia alcalifaciens,"USA: Pittsburgh, Pennsylvania",178,AMR,core,AMR,AMINOGLYCOSIDE,GENTAMICIN/TOBRAMYCIN,EXACTP,100,100
Providencia stuartii,WP_004918308.1,SAMN10435852,PDT000903698.1,ATGGGCATAGAATACCGCAGTCTGCATACCAGCCAATTGACACTGAGTGAAAAAGAAGCGCTTTACGATTTATTAATTGAAGGTTTTGAAGGCGATTTTTCGCATGACGATTTCGCGCACACTTTAGGTGGAATGCACGTCATGGCTTTTGATCAACAAAAATTGGTTGGTCATGTTGCAATTATTCAACGCCATATGGCCCTAGATAATACGCCTATCTCTGTAGGGTATGTTGAAGCGATGGTAGTTGAACAAAGTTATCGTCGCCAAGGTATTGGGCGGCAATTGATGCTGCAAACCAATAAAATTATAGCTTCGTGTTATCAATTAGGGCTGCTGTCGGCTTCAGATGATGGACAAAAATTGTATCATTCGGTTGGATGGCAAATCTGGAAAGGTAAGTTGTTTGAATTGAAACAAGGGAGCTATATCCGTTCTATTGAAGAAGAAGGCGGAGTCATGGGCTGGAAAGCGGATGGTGAGGTTGATTTTACCGCTTCGCTTTACTGTGATTTTCGTGGCGGTGATCAGTGGTAA,NZ_JADSTH010000002.1,+,aac(2')-Ia,aminoglycoside N-acetyltransferase AAC(2')-Ia,Homo sapiens,Providencia alcalifaciens,"USA: Pittsburgh, Pennsylvania",178,AMR,core,AMR,AMINOGLYCOSIDE,GENTAMICIN/TOBRAMYCIN,EXACTP,100,100
Providencia stuartii,ELR5143020.1,SAMN26314418,PDT001255619.5,ATGGCTATCGAATATCGCAATCTGCATACATCCCAATTATCACAAGATGAAAAAGAGAGGCTTTATCACTTGCTTGTGGAAGGCTTTGAAGGGGATTTTACGCATGATGATTTTGCACATACTCTCGGTGGAATGCATGTGGTTGCCTTTGACCAACAAAAAATGGTTGGCCATGTTGCGATAATTCAGCGTCATATGGCAATCAATGAAGCGCCTATTTCTGTTGGTTATGTTGAAGCTATGGTGGTTTTACATGACTATCGACGTCAAGGGATTGGGCGACAATTGATGTTACAAACGAATAAAATCATTGGTTCATGTTATCCGTTAGGTTTGTTATCGGCTTCGGAAGAAGGAGAGAAATTGTATCATTCGGTTGGCTGGAGAGTATGGAAAGGCAAACTATTCGAATTAAAGCAAGGCCACTATATCCGCTCTATTGAAGAAGAAGGTGGGGTTATGGGCTGGAAAGCTGATGGTGAAATTGATTTGAGTGCTTCACTGTATTGTGATTTTCGCGGCGGTGATCAATGGTAA,ABKGIW030000004.1,-,aac(2')-Ia,aminoglycoside N-acetyltransferase AAC(2')-Ia,Homo sapiens,Providencia alcalifaciens,USA,178,AMR,core,AMR,AMINOGLYCOSIDE,GENTAMICIN/TOBRAMYCIN,HMM,100,83.71
Providencia stuartii,ELR5291924.1,SAMN37442932,PDT001889663.2,ATGGCTATCGAATATCGCAATCTGCATACATCCCAATTATCACAAGATGAAAAAGAGAGGCTTTATCACTTGCTTGTGGAAGGCTTTGAAGGGGATTTTACGCATGATGATTTTGCACATACTCTCGGTGGAATGCATGTGGTTGCCTTTGACCAACAAAAAATGGTTGGCCATGTTGCGATAATTCAGCGTCATATGGCAATCAATGAAGCGCCTATTTCTGTTGGTTATGTTGAAGCTATGGTGGTTTTACATGACTATCGACGTCAAGGGATTGGGCGACAATTGATGTTACAAACGAATAAAATCATTGGTTCATGTTATCCGTTAGGTTTGTTATCGGCTTCGGAAGAAGGAGAGAAATTGTATCATTCGGTTGGCTGGAGAGTATGGAAAGGCAAACTATTCGAATTAAATCAAGGCCACTATATCCGCTCTATTGAAGAAGAAGGTGGGGTTATGGGCTGGAAAGCTGATGGTGAAATTGATTTGAGTGCTTCACTGTATTGTGATTTTCGCGGCGGTGATCAATGGTAA,ABMPCM020000003.1,+,aac(2')-Ia,aminoglycoside N-acetyltransferase AAC(2')-Ia,Homo sapiens,Providencia alcalifaciens,USA,178,AMR,core,AMR,AMINOGLYCOSIDE,GENTAMICIN/TOBRAMYCIN,HMM,100,83.15
Providencia stuartii,WP_004918308.1,SAMN30951047,PDT001906251.1,TTACCACTGATCACCGCCACGAAAATCACAGTAAAGCGAAGCGGTAAAATCAACCTCACCATCCGCTTTCCAGCCCATGACTCCGCCTTCTTCTTCAATAGAACGGATATAGCTCCCTTGTTTCAATTCAAACAACTTACCTTTCCAGATTTGCCATCCAACCGAATGATACAATTTTTGTCCATCATCCGAAGCCGACAGCAGCCCTAATTGATAACACGAAGCTATAATTTTATTGGTTTGCAGCATCAATTGCCGCCCAATACCTTGGCGACGATAACTTTGTTCAACCACCATCGCTTCAACATACCCTACAGAGATAGGCGTATTATCTAGGGCCATATGGCGTTGAATAATTGCAACATGACCAACCAATTTTTGTTGATCAAAAGCCATGACGTGCATTCCACCTAAAGTGTGCGCGAAATCGTCATGCGAAAAATCGCCTTCAAAACCTTCAATTAATAAATCGTAAAGCGCTTCTTTTTCACTCAGTGTCAATTGGCTGGTATGCAGACTGCGGTATTCTATGCCCAT,NZ_JAPKIS010000004.1,-,aac(2')-Ia,aminoglycoside N-acetyltransferase AAC(2')-Ia,Homo sapiens,Providencia alcalifaciens,Brazil: Sao Paulo,178,AMR,core,AMR,AMINOGLYCOSIDE,GENTAMICIN/TOBRAMYCIN,EXACTP,100,100
Providencia stuartii,WP_163885758.1,SAMN12250817,PDT000686032.1,ATGGGCATAGAATACCGCAGTCTGCATACCAGCCAATTGACACTGAGTGAAAAAGAAGCGCTTTACGATTTATTAATTGAAGGTTTTGAAGGCGATTTTTCGCATGACGATTTCGCGCACACTTTAGGTGGAATGCACGTCATGGCTTTTGATCAACAAAAATTGGTTGGTCATGTTGCAATTATTCAACGCCATATGGCCCTAGATAATACGCCTATCTCTGTAGGGTATGTTGAAGCGATGGTGGTTGAACAAAGTTATCGTCGCCAAGGTATTGGGCGGCAATTGATGCTGCAAACCAATAAAATTATAGCTTCGTGTTATCAATTAGGGCTGCTGTCGGCTTCGGATGATGGACAAAAATTGTATCATTCGGTTGGATGGCAAATCTGGAAAGGTAAGTTGTTTGAATTGAAACAAGGGAGCTATATCCGTTCTATTGAAGAAGAAGGCGGAGTCATGGGCTGGAAAGCGGATGGTGAGGTT,NZ_VKSA01000070.1,+,aac(2')-Ia,aminoglycoside N-acetyltransferase AAC(2')-Ia,Homo sapiens,Providencia alcalifaciens,USA,162,AMR,core,AMR,AMINOGLYCOSIDE,GENTAMICIN/TOBRAMYCIN,BLASTP,91.01,100
Providencia stuartii,WP_004918308.1,SAMN34998811,PDT001773031.1,ATGGGCATAGAATACCGCAGTCTGCATACCAGCCAATTGACACTGAGTGAAAAAGAAGCGCTTTACGATTTATTAATTGAAGGTTTTGAAGGCGATTTTTCGCATGACGATTTCGCGCACACTTTAGGTGGAATGCACGTCATGGCTTTTGATCAACAAAAATTGGTTGGTCATGTTGCAATTATTCAACGCCATATGGCCCTAGATAATACGCCTATCTCTGTAGGGTATGTTGAAGCGATGGTGGTTGAACAAAGTTATCGTCGCCAAGGTATTGGGCGGCAATTGATGCTGCAAACCAATAAAATTATAGCTTCGTGTTATCAATTAGGGCTGCTGTCGGCTTCAGATGATGGACAAAAATTGTATCATTCGGTTGGATGGCAAATCTGGAAAGGTAAGTTGTTTGAATTGAAACAAGGGAGCTATATCCGTTCTATTGAAGAAGAAGGCGGAGTCATGGGCTGGAAAGCGGATGGTGAGGTTGATTTTACCGCTTCGCTTTACTGTGATTTTCGTGGCGGTGATCAGTGGTAA,NZ_JASOTD010000002.1,+,aac(2')-Ia,aminoglycoside N-acetyltransferase AAC(2')-Ia,Homo sapiens,Providencia alcalifaciens,"USA: Maywood, IL",178,AMR,core,AMR,AMINOGLYCOSIDE,GENTAMICIN/TOBRAMYCIN,EXACTP,100,100
Providencia stuartii,WP_004918308.1,SAMN03996292,PDT000106732.2,TTACCACTGATCACCGCCACGAAAATCACAGTAAAGCGAAGCGGTAAAATCAACCTCACCATCCGCTTTCCAGCCCATGACTCCGCCTTCTTCTTCAATAGAACGGATATAGCTCCCTTGTTTCAATTCAAACAACTTACCTTTCCAGATTTGCCATCCGACCGAATGATACAATTTTTGTCCATCATCTGAAGCCGACAGCAGCCCTAATTGATAACACGAAGCTATAATTTTATTGGTTTGCAGCATCAATTGCCGCCCAATACCTTGGCGACGATAACTTTGTTCAACTACCATCGCTTCAACATACCCTACAGAGATAGGCGTATTATCTAGGGCCATATGGCGTTGAATAATTGCAACATGACCAACCAATTTTTGTTGATCAAAAGCCATGACGTGCATTCCACCTAAAGTGTGCGCGAAATCGTCATGCGAAAAATCGCCTTCAAAACCTTCAATTAATAAATCGTAAAGCGCTTCTTTTTCACTCAGTGTCAATTGGCTGGTATGCAGACTGCGGTATTCTATGCCCAT,NZ_CP014024.2,-,aac(2')-Ia,aminoglycoside N-acetyltransferase AAC(2')-Ia,Homo sapiens,Providencia alcalifaciens,USA:DC,178,AMR,core,AMR,AMINOGLYCOSIDE,GENTAMICIN/TOBRAMYCIN,EXACTP,100,100
Providencia stuartii,WP_004918308.1,SAMN06159664,PDT000181475.1,ATGGGCATAGAATACCGCAGTCTGCATACCAGCCAATTGACACTGAGTGAAAAAGAAGCGCTTTACGATTTATTAATTGAAGGTTTTGAAGGCGATTTTTCGCATGACGATTTCGCGCACACTTTAGGTGGAATGCACGTCATGGCTTTTGATCAACAAAAATTGGTTGGTCATGTTGCAATTATTCAACGCCATATGGCCCTAGATAATACGCCTATCTCTGTAGGGTATGTTGAAGCGATGGTGGTTGAACAAAGTTATCGTCGCCAAGGTATTGGGCGGCAATTGATGCTGCAAACCAATAAAATTATAGCTTCGTGTTATCAATTAGGGCTGCTGTCGGCTTCAGATGATGGACAAAAATTGTATCATTCGGTTGGATGGCAAATCTGGAAAGGTAAGTTGTTTGAATTGAAACAAGGGAGCTATATCCGTTCTATTGAAGAAGAAGGCGGAGTCATGGGCTGGAAAGCGGATGGTGAGGTTGATTTTACCGCTTCGCTTTACTGTGATTTTCGTGGCGGTGATCAGTGGTAA,NZ_MSAA01000002.1,+,aac(2')-Ia,aminoglycoside N-acetyltransferase AAC(2')-Ia,Homo sapiens,Providencia alcalifaciens,Greece: Athens,178,AMR,core,AMR,AMINOGLYCOSIDE,GENTAMICIN/TOBRAMYCIN,EXACTP,100,100
Providencia stuartii,WP_004918308.1,SAMN10435855,PDT000903694.1,TTACCACTGATCACCGCCACGAAAATCACAGTAAAGCGAAGCGGTAAAATCAACCTCACCATCCGCTTTCCAGCCCATGACTCCGCCTTCTTCTTCAATAGAACGGATATAGCTCCCTTGTTTCAATTCAAACAACTTACCTTTCCAGATTTGCCATCCAACCGAATGATACAATTTTTGTCCATCATCTGAAGCCGACAGCAGCCCTAATTGATAACACGAAGCTATAATTTTATTGGTTTGCAGCATCAATTGCCGCCCAATACCTTGGCGACGATAACTTTGTTCAACTACCATCGCTTCAACATACCCTACAGAGATAGGCGTATTATCTAGGGCCATATGGCGTTGAATAATTGCAACATGACCAACCAATTTTTGTTGATCAAAAGCCATGACGTGCATTCCACCTAAAGTGTGCGCGAAATCGTCATGCGAAAAATCGCCTTCAAAACCTTCAATTAATAAATCGTAAAGCGCTTCTTTTTCACTCAGTGTCAATTGGCTGGTATGCAGACTGCGGTATTCTATGCCCAT,NZ_JADSTE010000002.1,-,aac(2')-Ia,aminoglycoside N-acetyltransferase AAC(2')-Ia,Homo sapiens,Providencia alcalifaciens,"USA: Pittsburgh, Pennsylvania",178,AMR,core,AMR,AMINOGLYCOSIDE,GENTAMICIN/TOBRAMYCIN,EXACTP,100,100
Providencia rettgeri,ELR5045611.1,SAMN23168039,PDT001175572.5,ATGGCTATCGAATATCGCAATCTGCATACATCCCAATTATCACAAGATGAAAAAGAGAGGCTTTATCACTTGCTTGTGGAAGGCTTTGAAGGGGATTTTACGCATGATGATTTTGCACATACTCTCGGTGGAATGCATGTGGTTGCCTTTGACCAACAAAAAATGGTTGGCCATGTTGCGATAATTCAGCGTCATATGGCAATCAATGAAGCGCCTATTTCTGTTGGTTATGTTGAAGCTATGGTGGTTTTACATGACTATCGACGTCAAGGGATTGGGCGACAATTGATGTTACAAACGAATAAAATCATTGGTTCATGTTATCCGTTAGGTTTGTTATCGGCTTCGGAAGAAGGAGAGAAATTGTATCATTCGGTTGGCTGGAGAGTATGGAAAGGCAAACTATTCGAATTAAATCAAGGCCACTATATCCGCTCTATTGAAGAAGAAGGTGGGGTTATGGGCTGGAAAGCTGATGGTGAAATTGATTTGAGTGCTTCACTGTATTGTGATTTTCGCGGCGGTGATCAATGGTAA,ABKGLY030000109.1,+,aac(2')-Ia,aminoglycoside N-acetyltransferase AAC(2')-Ia,Homo sapiens,Providencia alcalifaciens,USA,178,AMR,core,AMR,AMINOGLYCOSIDE,GENTAMICIN/TOBRAMYCIN,HMM,100,83.15
Providencia stuartii,WP_249999042.1,SAMN27484493,PDT001315396.1,TTACCATTGATCACCGCCGCGAAAATCACAATACAGTGAAGCACTCAAATCAATTTCACCATCAGCTTTCCAGCCCATAACCCCACCTTCTTCTTCAATAGAGCGGATATAGTGGCCTTGATTTAATTCGAATAGTTTGCCTTTCCATACTCTCCAGCCAACCGAATGATACAATTTCTCTCCTTCTTCCGAAGCCGATAACAAACCTAACGGATAACATGAACCAATGATTTTATTCGTTTGTAACATCAATTGTCGCCCAATCCCTTGACGTCGATAGTCATGTAAAACCACCATAGCTTCAACATAACCAACAGAAATAGGCGCTTCATTGATTGCCATATGACGCTGAATTATCGCAACATGGCCAACCATTTTTTGTTGGTCAAAGGCAACCACATGCATTCCACCGAGAGTATGTGCAAAATCATCATGCGTAAAATCCCCTTCAAAGCCTTCCACAAGCAAGTGATAAAGCCTCTCTTTTTCATCTTGTGATAATTGGGATGTATGCAGATTGCGATATTCGATAGCCAT,NZ_CP095443.1,-,aac(2')-Ia,aminoglycoside N-acetyltransferase AAC(2')-Ia,Homo sapiens,Providencia alcalifaciens,"USA: Roanoke, VA",178,AMR,core,AMR,AMINOGLYCOSIDE,GENTAMICIN/TOBRAMYCIN,HMM,100,83.15
Providencia stuartii,WP_004918308.1,SAMN31580407,PDT001500737.1,TTACCACTGATCACCGCCACGAAAATCACAGTAAAGCGAAGCGGTAAAATCAACCTCACCATCCGCTTTCCAGCCCATGACTCCGCCTTCTTCTTCAATAGAACGGATATAGCTCCCTTGTTTCAATTCAAACAACTTACCTTTCCAGATTTGCCATCCAACCGAATGATACAATTTTTGTCCATCATCCGAAGCCGACAGCAGCCCTAATTGATAACACGAAGCTATAATTTTATTGGTTTGCAGCATCAATTGCCGCCCAATACCTTGGCGACGATAACTTTGTTCAACCACCATCGCTTCAACATACCCTACAGAGATAGGCGTATTATCTAGGGCCATATGGCGTTGAATAATTGCAACATGACCAACCAATTTTTGTTGATCAAAAGCCATGACGTGCATTCCACCTAAAGTGTGCGCGAAATCGTCATGCGAAAAATCGCCTTCAAAACCTTCAATTAATAAATCGTAAAGCGCTTCTTTTTCACTCAGTGTCAATTGGCTGGTATGCAGACTGCGGTATTCTATGCCCAT,NZ_JAPJYR010000021.1,-,aac(2')-Ia,aminoglycoside N-acetyltransferase AAC(2')-Ia,Hermetia illucens,Providencia alcalifaciens,China:Zhengzhou,178,AMR,core,AMR,AMINOGLYCOSIDE,GENTAMICIN/TOBRAMYCIN,EXACTP,100,100
Providencia stuartii,WP_247047841.1,SAMN33687286,PDT001665193.1,TTACCATTGATCACCGCCGCGAAAATCACAATACAGTGAAGCACTCAAATCAATTTCACCATCAGCTTTCCAGCCCATAACCCCACCTTCTTCTTCAATAGAGCGGATATAGTGGCCTTGCTTTAATTCGAATAGTTTGCCTTTCCATACTCTCCAGCCAACCGAATGATACAATTTCTCTCCTTCTTCCGAAGCCGATAACAAACCTAACGGATAACATGAACCAATGATTTTATTCGTTTGTAACATCAATTGTCGCCCAATCCCTTGACGTCGATAGTCATGTAAAACCACCATAGCTTCAACATAACCAACAGAAATAGGCGCTTCATTGATTGCCATATGACGCTGAATTATCGCAACATGGCCAACCATTTTTTGTTGGTCAAAGGCAACCACATGCATTCCACCGAGAGTATGTGCAAAATCATCATGCGTAAAATCCCCTTCAAAGCCTTCCACAAGCAAGTGATAAAGCCTCTCTTTTTCATCTTGTGATAATTGGGATGTATGCAGATTGCGATATTCGATAGCCAT,NZ_CP119540.1,-,aac(2')-Ia,aminoglycoside N-acetyltransferase AAC(2')-Ia,Homo sapiens,Providencia alcalifaciens,USA: Virginia,178,AMR,core,AMR,AMINOGLYCOSIDE,GENTAMICIN/TOBRAMYCIN,HMM,100,83.71
Providencia stuartii,WP_247047841.1,SAMN33687285,PDT001665194.1,TTACCATTGATCACCGCCGCGAAAATCACAATACAGTGAAGCACTCAAATCAATTTCACCATCAGCTTTCCAGCCCATAACCCCACCTTCTTCTTCAATAGAGCGGATATAGTGGCCTTGCTTTAATTCGAATAGTTTGCCTTTCCATACTCTCCAGCCAACCGAATGATACAATTTCTCTCCTTCTTCCGAAGCCGATAACAAACCTAACGGATAACATGAACCAATGATTTTATTCGTTTGTAACATCAATTGTCGCCCAATCCCTTGACGTCGATAGTCATGTAAAACCACCATAGCTTCAACATAACCAACAGAAATAGGCGCTTCATTGATTGCCATATGACGCTGAATTATCGCAACATGGCCAACCATTTTTTGTTGGTCAAAGGCAACCACATGCATTCCACCGAGAGTATGTGCAAAATCATCATGCGTAAAATCCCCTTCAAAGCCTTCCACAAGCAAGTGATAAAGCCTCTCTTTTTCATCTTGTGATAATTGGGATGTATGCAGATTGCGATATTCGATAGCCAT,NZ_CP119546.1,-,aac(2')-Ia,aminoglycoside N-acetyltransferase AAC(2')-Ia,Homo sapiens,Providencia alcalifaciens,USA: Virginia,178,AMR,core,AMR,AMINOGLYCOSIDE,GENTAMICIN/TOBRAMYCIN,HMM,100,83.71
Providencia stuartii,WP_247047841.1,SAMN33687284,PDT001665195.1,TTACCATTGATCACCGCCGCGAAAATCACAATACAGTGAAGCACTCAAATCAATTTCACCATCAGCTTTCCAGCCCATAACCCCACCTTCTTCTTCAATAGAGCGGATATAGTGGCCTTGCTTTAATTCGAATAGTTTGCCTTTCCATACTCTCCAGCCAACCGAATGATACAATTTCTCTCCTTCTTCCGAAGCCGATAACAAACCTAACGGATAACATGAACCAATGATTTTATTCGTTTGTAACATCAATTGTCGCCCAATCCCTTGACGTCGATAGTCATGTAAAACCACCATAGCTTCAACATAACCAACAGAAATAGGCGCTTCATTGATTGCCATATGACGCTGAATTATCGCAACATGGCCAACCATTTTTTGTTGGTCAAAGGCAACCACATGCATTCCACCGAGAGTATGTGCAAAATCATCATGCGTAAAATCCCCTTCAAAGCCTTCCACAAGCAAGTGATAAAGCCTCTCTTTTTCATCTTGTGATAATTGGGATGTATGCAGATTGCGATATTCGATAGCCAT,NZ_CP119552.1,-,aac(2')-Ia,aminoglycoside N-acetyltransferase AAC(2')-Ia,Homo sapiens,Providencia alcalifaciens,USA: Virginia,178,AMR,core,AMR,AMINOGLYCOSIDE,GENTAMICIN/TOBRAMYCIN,HMM,100,83.71
Providencia stuartii,WP_004918308.1,SAMN30951046,PDT001906252.1,ATGGGCATAGAATACCGCAGTCTGCATACCAGCCAATTGACACTGAGTGAAAAAGAAGCGCTTTACGATTTATTAATTGAAGGTTTTGAAGGCGATTTTTCGCATGACGATTTCGCGCACACTTTAGGTGGAATGCACGTCATGGCTTTTGATCAACAAAAATTGGTTGGTCATGTTGCAATTATTCAACGCCATATGGCCCTAGATAATACGCCTATCTCTGTAGGGTATGTTGAAGCGATGGTAGTTGAACAAAGTTATCGTCGCCAAGGTATTGGGCGGCAATTGATGCTGCAAACCAATAAAATTATAGCTTCGTGTTATCAATTAGGGCTGCTGTCGGCTTCAGATGATGGACAAAAATTGTATCATTCGGTTGGATGGCAAATCTGGAAAGGTAAGTTGTTTGAATTGAAACAAGGGAGCTATATCCGTTCTATTGAAGAAGAAGGCGGAGTCATGGGCTGGAAAGCGGATGGTGAGGTTGATTTTACCGCTTCGCTTTACTGTGATTTTCGTGGCGGTGATCAGTGGTAA,NZ_JAPKIT010000006.1,+,aac(2')-Ia,aminoglycoside N-acetyltransferase AAC(2')-Ia,Homo sapiens,Providencia alcalifaciens,Brazil: Recife,178,AMR,core,AMR,AMINOGLYCOSIDE,GENTAMICIN/TOBRAMYCIN,EXACTP,100,100
Providencia stuartii,WP_004918308.1,SAMN04014867,PDT000290072.1,ATAGGCATAGAATACCGCAGTCTGCATACCAGCCAATTGACACTGAGTGAAAAAGAAGCGCTTTACGATTTATTAATTGAAGGTTTTGAAGGCGATTTTTCGCATGACGATTTCGCGCACACTTTAGGTGGAATGCACGTCATGGCTTTTGATCAACAAAAATTGGTTGGTCATGTTGCAATTATTCAACGCCATATGGCCCTAGATAATACGCCTATCTCTGTAGGGTATGTTGAAGCGATGGTGGTTGAACAAAGTTATCGTCGCCAAGGTATTGGGCGGCAATTGATGCTGCAAACCAATAAAATTATAGCTTCGTGTTATCAATTAGGGCTGCTGTCGGCTTCGGATGATGGACAAAAATTGTATCATTCGGTTGGATGGCAAATCTGGAAAGGTAAGTTGTTTGAATTGAAACAAGGGAGCTATATCCGTTCTATTGAAGAAGAAGGCGGAGTCATGGGCTGGAAAGCGGATGGTGAGGTTGATTTTACCGCTTCGCTTTACTGTGATTTTCGTGGCGGTGATCAGTGGTAA,NZ_CP026704.1,+,aac(2')-Ia,aminoglycoside N-acetyltransferase AAC(2')-Ia,,Providencia alcalifaciens,,178,AMR,core,AMR,AMINOGLYCOSIDE,GENTAMICIN/TOBRAMYCIN,EXACTP,100,100
Providencia stuartii,WP_004918308.1,SAMN13155981,PDT000635677.1,ATGGGCATAGAATACCGCAGTCTGCATACCAGCCAATTGACACTGAGTGAAAAAGAAGCGCTTTACGATTTATTAATTGAAGGTTTTGAAGGCGATTTTTCGCATGACGATTTCGCGCACACTTTAGGTGGAATGCACGTCATGGCTTTTGATCAACAAAAATTGGTTGGTCATGTTGCAATTATTCAACGCCATATGGCCCTAGATAATACGCCTATCTCTGTAGGGTATGTTGAAGCGATGGTGGTTGAACAAAGTTATCGTCGCCAAGGTATTGGGCGGCAATTGATGCTGCAAACCAATAAAATTATAGCTTCGTGTTATCAATTAGGGCTGCTGTCGGCTTCGGATGATGGACAAAAATTGTATCATTCGGTTGGATGGCAAATCTGGAAAGGTAAGTTGTTTGAATTGAAACAAGGGAGCTATATCCGTTCTATTGAAGAAGAAGGCGGAGTCATGGGCTGGAAAGCGGATGGTGAGGTTGATTTTACCGCTTCGCTTTACTGTGATTTTCGTGGCGGTGATCAGTGGTAA,NZ_WLUO01000029.1,+,aac(2')-Ia,aminoglycoside N-acetyltransferase AAC(2')-Ia,,Providencia alcalifaciens,Poland,178,AMR,core,AMR,AMINOGLYCOSIDE,GENTAMICIN/TOBRAMYCIN,EXACTP,100,100
Providencia stuartii,WP_004918308.1,SAMN14838187,PDT000747776.1,ATGGGCATAGAATACCGCAGTCTGCATACCAGCCAATTGACACTGAGTGAAAAAGAAGCGCTTTACGATTTATTAATTGAAGGTTTTGAAGGCGATTTTTCGCATGACGATTTCGCGCACACTTTAGGTGGAATGCACGTCATGGCTTTTGATCAACAAAAATTGGTTGGTCATGTTGCAATTATTCAACGCCATATGGCCCTAGATAATACGCCTATCTCTGTAGGGTATGTTGAAGCGATGGTGGTTGAACAAAGTTATCGTCGCCAAGGTATTGGGCGGCAATTGATGCTGCAAACCAATAAAATTATAGCTTCGTGTTATCAATTAGGGCTGCTGTCGGCTTCGGATGATGGACAAAAATTGTATCATTCGGTTGGATGGCAAATCTGGAAAGGTAAGTTGTTTGAATTGAAACAAGGGAGCTATATCCGTTCTATTGAAGAAGAAGGCGGAGTCATGGGCTGGAAAGCGGATGGTGAGGTTGATTTTACCGCTTCGCTTTACTGTGATTTTCGTGGCGGTGATCAGTGGTAA,NZ_JABLTC010000006.1,+,aac(2')-Ia,aminoglycoside N-acetyltransferase AAC(2')-Ia,Homo sapiens,Providencia alcalifaciens,Argentina: Buenos Aires,178,AMR,core,AMR,AMINOGLYCOSIDE,GENTAMICIN/TOBRAMYCIN,EXACTP,100,100
Providencia stuartii,WP_004918308.1,SAMN12220721,PDT000903689.1,ATGGGCATAGAATACCGCAGTCTGCATACCAGCCAATTGACACTGAGTGAAAAAGAAGCGCTTTACGATTTATTAATTGAAGGTTTTGAAGGCGATTTTTCGCATGACGATTTCGCGCACACTTTAGGTGGAATGCACGTCATGGCTTTTGATCAACAAAAATTGGTTGGTCATGTTGCAATTATTCAACGCCATATGGCCCTAGATAATACGCCTATCTCTGTAGGGTATGTTGAAGCGATGGTAGTTGAACAAAGTTATCGTCGCCAAGGTATTGGGCGGCAATTGATGCTGCAAACCAATAAAATTATAGCTTCGTGTTATCAATTAGGGCTGCTGTCGGCTTCAGATGATGGACAAAAATTGTATCATTCGGTCGGATGGCAAATCTGGAAAGGTAAGTTGTTTGAATTGAAACAAGGGAGCTATATCCGTTCTATTGAAGAAGAAGGCGGAGTCATGGGCTGGAAAGCGGATGGTGAGGTTGATTTTACCGCTTCGCTTTACTGTGATTTTCGTGGCGGTGATCAGTGGTAA,NZ_JADSSZ010000019.1,+,aac(2')-Ia,aminoglycoside N-acetyltransferase AAC(2')-Ia,Homo sapiens,Providencia alcalifaciens,"USA: Pittsburgh, Pennsylvania",178,AMR,core,AMR,AMINOGLYCOSIDE,GENTAMICIN/TOBRAMYCIN,EXACTP,100,100
Providencia stuartii,WP_004918308.1,SAMN16357204,PDT000932956.1,ATGGGCATAGAATACCGCAGTCTGCATACCAGCCAATTGACACTGAGTGAAAAAGAAGCGCTTTACGATTTATTAATTGAAGGTTTTGAAGGCGATTTTTCGCATGACGATTTCGCGCACACTTTAGGTGGAATGCACGTCATGGCTTTTGATCAACAAAAATTGGTTGGTCATGTTGCAATTATTCAACGCCATATGGCCCTAGATAATACGCCTATCTCTGTAGGGTATGTTGAAGCGATGGTAGTTGAACAAAGTTATCGTCGCCAAGGTATTGGGCGGCAATTGATGCTGCAAACCAATAAAATTATAGCTTCGTGTTATCAATTAGGGCTGCTGTCGGCTTCAGATGATGGACAAAAATTGTATCATTCGGTCGGATGGCAAATCTGGAAAGGTAAGTTGTTTGAATTGAAACAAGGGAGCTATATCCGTTCTATTGAAGAAGAAGGCGGAGTCATGGGCTGGAAAGCGGATGGTGAGGTTGATTTTACCGCTTCGCTTTACTGTGATTTTCGTGGCGGTGATCAGTGGTAA,NZ_JAEKFV010000001.1,+,aac(2')-Ia,aminoglycoside N-acetyltransferase AAC(2')-Ia,UCC strain,Providencia alcalifaciens,USA:MD,178,AMR,core,AMR,AMINOGLYCOSIDE,GENTAMICIN/TOBRAMYCIN,EXACTP,100,100
Providencia stuartii,WP_004918308.1,SAMD00510804,PDT001481771.1,ATGGGCATAGAATACCGCAGTCTGCATACCAGCCAATTGACACTGAGTGAAAAAGAAGCGCTTTACGATTTATTAATTGAAGGTTTTGAAGGCGATTTTTCGCATGACGATTTCGCGCACACTTTAGGTGGAATGCACGTCATGGCTTTTGATCAACAAAAATTGGTTGGTCATGTTGCAATTATTCAACGCCATATGGCCCTAGATAATACGCCTATCTCTGTAGGGTATGTTGAAGCGATGGTAGTTGAACAAAGTTATCGTCGCCAAGGTATTGGGCGGCAATTGATGCTGCAAACCAATAAAATTATAGCTTCGTGTTATCAATTAGGGCTGCTGTCGGCTTCAGATGATGGACAAAAATTGTATCATTCGGTTGGATGGCAAATCTGGAAAGGTAAGTTGTTTGAATTGAAACAAGGGAGCTATATCCGTTCTATTGAAGAAGAAGGCGGAGTCATGGGCTGGAAAGCGGATGGTGAGGTTGATTTTACCGCTTCGCTTTACTGTGATTTTCGTGGCGGTGATCAGTGGTAA,NZ_BRRI01000014.1,+,aac(2')-Ia,aminoglycoside N-acetyltransferase AAC(2')-Ia,,Providencia alcalifaciens,Japan,178,AMR,core,AMR,AMINOGLYCOSIDE,GENTAMICIN/TOBRAMYCIN,EXACTP,100,100
Providencia stuartii,WP_004918308.1,SAMD00510913,PDT001481774.1,ATGGGCATAGAATACCGCAGTCTGCATACCAGCCAATTGACACTGAGTGAAAAAGAAGCGCTTTACGATTTATTAATTGAAGGTTTTGAAGGCGATTTTTCGCATGACGATTTCGCGCACACTTTAGGTGGAATGCACGTCATGGCTTTTGATCAACAAAAATTGGTTGGTCATGTTGCAATTATTCAACGCCATATGGCCCTAGATAATACGCCTATCTCTGTAGGGTATGTTGAAGCGATGGTGGTTGAACAAAGTTATCGTCGCCAAGGTATTGGGCGGCAATTGATGCTGCAAACCAATAAAATTATAGCTTCGTGTTATCAATTAGGGCTGCTGTCGGCTTCGGATGATGGACAAAAATTGTATCATTCGGTTGGATGGCAAATCTGGAAAGGTAAGTTGTTTGAATTGAAACAAGGGAGCTATATCCGTTCTATTGAAGAAGAAGGCGGAGTCATGGGCTGGAAAGCGGATGGTGAGGTTGATTTTACCGCTTCGCTTTACTGTGATTTTCGTGGCGGTGATCAGTGGTAA,NZ_BRVJ01000008.1,+,aac(2')-Ia,aminoglycoside N-acetyltransferase AAC(2')-Ia,,Providencia alcalifaciens,Japan,178,AMR,core,AMR,AMINOGLYCOSIDE,GENTAMICIN/TOBRAMYCIN,EXACTP,100,100
Providencia stuartii,WP_004918308.1,SAMN35769088,PDT001807410.1,ATGGGCATAGAATACCGCAGTCTGCATACCAGCCAATTGACACTGAGTGAAAAAGAAGCGCTTTACGATTTATTAATTGAAGGTTTTGAAGGCGATTTTTCGCATGACGATTTCGCGCACACTTTAGGTGGAATGCACGTCATGGCTTTTGATCAACAAAAATTGGTTGGTCATGTTGCAATTATTCAACGCCATATGGCCCTAGATAATACGCCTATCTCTGTAGGGTATGTTGAAGCGATGGTAGTTGAACAAAGTTATCGTCGCCAAGGTATTGGGCGGCAATTGATGCTGCAAACCAATAAAATTATAGCTTCGTGTTATCAATTAGGGCTGCTGTCGGCTTCAGATGATGGACAAAAATTGTATCATTCGGTTGGATGGCAAATCTGGAAAGGTAAGTTGTTTGAATTGAAACAAGGGAGCTATATCCGTTCTATTGAAGAAGAAGGCGGAGTCATGGGCTGGAAAGCGGATGGTGAGGTTGATTTTACCGCTTCGCTTTACTGTGATTTTCGTGGCGGTGATCAGTGGTAA,NZ_JAUEHP010000014.1,+,aac(2')-Ia,aminoglycoside N-acetyltransferase AAC(2')-Ia,,Providencia alcalifaciens,Japan,178,AMR,core,AMR,AMINOGLYCOSIDE,GENTAMICIN/TOBRAMYCIN,EXACTP,100,100
Providencia stuartii,WP_004918308.1,SAMN35719802,PDT001820273.1,ATAGGCATAGAATACCGCAGTCTGCATACCAGCCAATTGACACTGAGTGAAAAAGAAGCGCTTTACGATTTATTAATTGAAGGTTTTGAAGGCGATTTTTCGCATGACGATTTCGCGCACACTTTAGGTGGAATGCACGTCATGGCTTTTGATCAACAAAAATTGGTTGGTCATGTTGCAATTATTCAACGCCATATGGCCCTAGATAATACGCCTATCTCTGTAGGGTATGTTGAAGCGATGGTGGTTGAACAAAGTTATCGTCGCCAAGGTATTGGGCGGCAATTGATGCTGCAAACCAATAAAATTATAGCTTCGTGTTATCAATTAGGGCTGCTGTCGGCTTCGGATGATGGACAAAAATTGTATCATTCGGTTGGATGGCAAATCTGGAAAGGTAAGTTGTTTGAATTGAAACAAGGGAGCTATATCCGTTCTATTGAAGAAGAAGGCGGAGTCATGGGCTGGAAAGCGGATGGTGAGGTTGATTTTACCGCTTCGCTTTACTGTGATTTTCGTGGCGGTGATCAGTGGTAA,NZ_JAUJLX010000003.1,+,aac(2')-Ia,aminoglycoside N-acetyltransferase AAC(2')-Ia,Homo sapiens,Providencia alcalifaciens,China: Zhejiang,178,AMR,core,AMR,AMINOGLYCOSIDE,GENTAMICIN/TOBRAMYCIN,EXACTP,100,100
Providencia stuartii MRSN 2154,WP_004918308.1,SAMN02604304,PDT000007705.2,ATGGGCATAGAATACCGCAGTCTGCATACCAGCCAATTGACACTGAGTGAAAAAGAAGCGCTTTACGATTTATTAATTGAAGGTTTTGAAGGCGATTTTTCGCATGACGATTTCGCGCACACTTTAGGTGGAATGCACGTCATGGCTTTTGATCAACAAAAATTGGTTGGTCATGTTGCAATTATTCAACGCCATATGGCCCTAGATAATACGCCTATCTCTGTAGGGTATGTTGAAGCGATGGTAGTTGAACAAAGTTATCGTCGCCAAGGTATTGGGCGGCAATTGATGCTGCAAACCAATAAAATTATAGCTTCGTGTTATCAATTAGGGCTGCTGTCGGCTTCAGATGATGGACAAAAATTGTATCATTCGGTTGGATGGCAAATCTGGAAAGGTAAGTTGTTTGAATTGAAACAAGGGAGCTATATCCGTTCTATTGAAGAAGAAGGCGGAGTCATGGGCTGGAAAGCGGATGGTGAGGTTGATTTTACCGCTTCGCTTTACTGTGATTTTCGTGGCGGTGATCAGTGGTAA,NC_017731.1,+,aac(2')-Ia,aminoglycoside N-acetyltransferase AAC(2')-Ia,Homo sapiens,Providencia alcalifaciens,Afghanistan,178,AMR,core,AMR,AMINOGLYCOSIDE,GENTAMICIN/TOBRAMYCIN,EXACTP,100,100
Providencia stuartii,WP_004918308.1,SAMN02934542,PDT000044225.2,ATGGGCATAGAATACCGCAGTCTGCATACCAGCCAATTGACACTGAGTGAAAAAGAAGCGCTTTACGATTTATTAATTGAAGGTTTTGAAGGCGATTTTTCGCATGACGATTTCGCGCACACTTTAGGTGGAATGCACGTCATGGCTTTTGATCAACAAAAATTGGTTGGTCATGTTGCAATTATTCAACGCCATATGGCCCTAGATAATACGCCTATCTCTGTAGGGTATGTTGAAGCGATGGTAGTTGAACAAAGTTATCGTCGCCAAGGTATTGGGCGGCAATTGATGCTGCAAACCAATAAAATTATAGCTTCGTGTTATCAATTAGGGCTGCTGTCGGCTTCAGATGATGGACAAAAATTGTATCATTCGGTTGGATGGCAAATCTGGAAAGGTAAGTTGTTTGAATTGAAACAAGGGAGCTATATCCGTTCTATTGAAGAAGAAGGCGGAGTCATGGGCTGGAAAGCGGATGGTGAGGTTGATTTTACCGCTTCGCTTTACTGTGATTTTCGTGGCGGTGATCAGTGGTAA,NZ_CP031508.1,+,aac(2')-Ia,aminoglycoside N-acetyltransferase AAC(2')-Ia,Homo sapiens,Providencia alcalifaciens,USA,178,AMR,core,AMR,AMINOGLYCOSIDE,GENTAMICIN/TOBRAMYCIN,EXACTP,100,100
Providencia stuartii,WP_004918308.1,SAMN03940593,PDT000081970.1,TTACCACTGATCACCGCCACGAAAATCACAGTAAAGCGAAGCGGTAAAATCAACCTCACCATCCGCTTTCCAGCCCATGACTCCGCCTTCTTCTTCAATAGAACGGATATAGCTCCCTTGTTTCAATTCAAACAACTTACCTTTCCAGATTTGCCATCCAACCGAATGATACAATTTTTGTCCATCATCTGAAGCCGACAGCAGCCCTAATTGATAACACGAAGCTATAATTTTATTGGTTTGCAGCATCAATTGCCGCCCAATACCTTGGCGACGATAACTTTGTTCAACCACCATCGCTTCAACATACCCTACAGAGATAGGCGTATTATCTAGGGCCATATGGCGTTGAATAATTGCAACATGACCAACCAATTTTTGTTGATCAAAAGCCATGACGTGCATTCCACCTAAAGTGTGCGCGAAATCGTCATGCGAAAAATCGCCTTCAAAACCTTCAATTAATAAATCGTAAAGCGCTTCTTTTTCACTCAGTGTCAATTGGCTGGTATGCAGACTGCGGTATTCTATGCCCAT,NZ_LGYB01000019.1,-,aac(2')-Ia,aminoglycoside N-acetyltransferase AAC(2')-Ia,Homo sapiens,Providencia alcalifaciens,Portugal: Lisbon,178,AMR,core,AMR,AMINOGLYCOSIDE,GENTAMICIN/TOBRAMYCIN,EXACTP,100,100
Providencia stuartii,WP_004918308.1,SAMEA104200685,PDT000357815.1,TTACCACTGATCACCGCCACGAAAATCACAGTAAAGCGAAGCGGTAAAATCAACCTCACCATCCGCTTTCCAGCCCATGACTCCGCCTTCTTCTTCAATAGAACGGATATAGCTCCCTTGTTTCAATTCAAACAACTTACCTTTCCAGATTTGCCATCCAACCGAATGATACAATTTTTGTCCATCATCTGAAGCCGACAGCAGCCCTAATTGATAACACGAAGCTATAATTTTATTGGTTTGCAGCATCAATTGCCGCCCAATACCTTGGCGACGATAACTTTGTTCAACTACCATCGCTTCAACATACCCTACAGAGATAGGCGTATTATCTAGGGCCATATGGCGTTGAATAATTGCAACATGACCAACCAATTTTTGTTGATCAAAAGCCATGACGTGCATTCCACCTAAAGTGTGCGCGAAATCGTCATGCGAAAAATCGCCTTCAAAACCTTCAATTAATAAATCGTAAAGCGCTTCTTTTTCACTCAGTGTCAATTGGCTGGTATGCAGACTGCGGTATTCTATGCCCAT,NZ_UGUB01000002.1,-,aac(2')-Ia,aminoglycoside N-acetyltransferase AAC(2')-Ia,Homo sapiens,Providencia alcalifaciens,United Kingdom: London,178,AMR,core,AMR,AMINOGLYCOSIDE,GENTAMICIN/TOBRAMYCIN,EXACTP,100,100
Providencia stuartii,HAT8009996.1,SAMEA5949564,PDT000620582.1,ATGGGCATAGAATACCGCAGTCTGCATACCAGCCAATTGACACTGAGTGAAAAAGAAGCGCTTTACGATTTATTAATTGAAGGTTTTGAAGGCGATTTTTCGCATGACGATTTCGCGCACACTTTAGGTGGAATGCACGTCATGGCTTTTGATCAACAAAAATTGGTTGGTCATGTTGCAATTATTCAACGCCATATGGCCCTAGATAATACGCCTATCTCTGTAGGGTATGTTGAAGCGATGGTGGTTGAACAAAGTTATCGTCGCCAAGGTATTGGGCGGCAATTGATGCTGCAAACCAATAAAATTATAGCTTCGTGTTATCAATTAGGGCTGCTGTCGGCTTCGGATGATGGACAAAAATTGTATCATTCGGTTGGATGGCAAATCTGGAAAGGTAAGTTGTTTGAATTGAAACAAGGGAGCTATATCCGTTCTATTGAAGAAGAAGGCGGAGTCATGGGCTGGAAAGCGGATGGTGAGGTTGATTTTACCGCTTCGCTTTACTGTGATTTTCGTGGCGGTGATCAGTGGTAA,DACULS010000023.1,+,aac(2')-Ia,aminoglycoside N-acetyltransferase AAC(2')-Ia,Homo sapiens,Providencia alcalifaciens,Germany,178,AMR,core,AMR,AMINOGLYCOSIDE,GENTAMICIN/TOBRAMYCIN,EXACTP,100,100
Providencia stuartii,WP_004918308.1,SAMN13156007,PDT000635664.1,ATGGGCATAGAATACCGCAGTCTGCATACCAGCCAATTGACACTGAGTGAAAAAGAAGCGCTTTACGATTTATTAATTGAAGGTTTTGAAGGCGATTTTTCGCATGACGATTTCGCGCACACTTTAGGTGGAATGCACGTCATGGCTTTTGATCAACAAAAATTGGTTGGTCATGTTGCAATTATTCAACGCCATATGGCCCTAGATAATACGCCTATCTCTGTAGGGTATGTTGAAGCGATGGTAGTTGAACAAAGTTATCGTCGCCAAGGTATTGGGCGGCAATTGATGCTGCAAACCAATAAAATTATAGCTTCGTGTTATCAATTAGGGCTGCTGTCGGCTTCAGATGATGGACAAAAATTGTATCATTCGGTTGGATGGCAAATCTGGAAAGGTAAGTTGTTTGAATTGAAACAAGGGAGCTATATCCGTTCTATTGAAGAAGAAGGCGGAGTCATGGGCTGGAAAGCGGATGGTGAGGTTGATTTTACCGCTTCGCTTTACTGTGATTTTCGTGGCGGTGATCAGTGGTAA,NZ_WLTS01000132.1,+,aac(2')-Ia,aminoglycoside N-acetyltransferase AAC(2')-Ia,,Providencia alcalifaciens,Poland,178,AMR,core,AMR,AMINOGLYCOSIDE,GENTAMICIN/TOBRAMYCIN,EXACTP,100,100
Providencia stuartii,WP_004918308.1,SAMN13156005,PDT000635665.1,TTACCACTGATCACCGCCACGAAAATCACAGTAAAGCGAAGCGGTAAAATCAACCTCACCATCCGCTTTCCAGCCCATGACTCCGCCTTCTTCTTCAATAGAACGGATATAGCTCCCTTGTTTCAATTCAAACAACTTACCTTTCCAGATTTGCCATCCAACCGAATGATACAATTTTTGTCCATCATCTGAAGCCGACAGCAGCCCTAATTGATAACACGAAGCTATAATTTTATTGGTTTGCAGCATCAATTGCCGCCCAATACCTTGGCGACGATAACTTTGTTCAACTACCATCGCTTCAACATACCCTACAGAGATAGGCGTATTATCTAGGGCCATATGGCGTTGAATAATTGCAACATGACCAACCAATTTTTGTTGATCAAAAGCCATGACGTGCATTCCACCTAAAGTGTGCGCGAAATCGTCATGCGAAAAATCGCCTTCAAAACCTTCAATTAATAAATCGTAAAGCGCTTCTTTTTCACTCAGTGTCAATTGGCTGGTATGCAGACTGCGGTATTCTATGCCCAT,NZ_WLTT01000031.1,-,aac(2')-Ia,aminoglycoside N-acetyltransferase AAC(2')-Ia,,Providencia alcalifaciens,Poland,178,AMR,core,AMR,AMINOGLYCOSIDE,GENTAMICIN/TOBRAMYCIN,EXACTP,100,100
Providencia stuartii,WP_004918308.1,SAMN13156001,PDT000635666.1,TTACCACTGATCACCGCCACGAAAATCACAGTAAAGCGAAGCGGTAAAATCAACCTCACCATCCGCTTTCCAGCCCATGACTCCGCCTTCTTCTTCAATAGAACGGATATAGCTCCCTTGTTTCAATTCAAACAACTTACCTTTCCAGATTTGCCATCCAACCGAATGATACAATTTTTGTCCATCATCTGAAGCCGACAGCAGCCCTAATTGATAACACGAAGCTATAATTTTATTGGTTTGCAGCATCAATTGCCGCCCAATACCTTGGCGACGATAACTTTGTTCAACTACCATCGCTTCAACATACCCTACAGAGATAGGCGTATTATCTAGGGCCATATGGCGTTGAATAATTGCAACATGACCAACCAATTTTTGTTGATCAAAAGCCATGACGTGCATTCCACCTAAAGTGTGCGCGAAATCGTCATGCGAAAAATCGCCTTCAAAACCTTCAATTAATAAATCGTAAAGCGCTTCTTTTTCACTCAGTGTCAATTGGCTGGTATGCAGACTGCGGTATTCTATGCCCAT,NZ_WLTV01000032.1,-,aac(2')-Ia,aminoglycoside N-acetyltransferase AAC(2')-Ia,,Providencia alcalifaciens,Poland,178,AMR,core,AMR,AMINOGLYCOSIDE,GENTAMICIN/TOBRAMYCIN,EXACTP,100,100
Providencia stuartii,WP_004918308.1,SAMN14838135,PDT000747777.1,TTACCACTGATCACCGCCACGAAAATCACAGTAAAGCGAAGCGGTAAAATCAACCTCACCATCCGCTTTCCAGCCCATGACTCCGCCTTCTTCTTCAATAGAACGGATATAGCTCCCTTGTTTCAATTCAAACAACTTACCTTTCCAGATTTGCCATCCAACCGAATGATACAATTTTTGTCCATCATCCGAAGCCGACAGCAGCCCTAATTGATAACACGAAGCTATAATTTTATTGGTTTGCAGCATCAATTGCCGCCCAATACCTTGGCGACGATAACTTTGTTCAACCACCATCGCTTCAACATACCCTACAGAGATAGGCGTATTATCTAGGGCCATATGGCGTTGAATAATTGCAACATGACCAACCAATTTTTGTTGATCAAAAGCCATGACGTGCATTCCACCTAAAGTGTGCGCGAAATCGTCATGCGAAAAATCGCCTTCAAAACCTTCAATTAATAAATCGTAAAGCGCTTCTTTTTCACTCAGTGTCAATTGGCTGGTATGCAGACTGCGGTATTCTATGCCCAT,NZ_JABLTB010000007.1,-,aac(2')-Ia,aminoglycoside N-acetyltransferase AAC(2')-Ia,Homo sapiens,Providencia alcalifaciens,Argentina: Buenos Aires,178,AMR,core,AMR,AMINOGLYCOSIDE,GENTAMICIN/TOBRAMYCIN,EXACTP,100,100
Providencia stuartii,WP_004918308.1,SAMN10435853,PDT000903695.1,ATGGGCATAGAATACCGCAGTCTGCATACCAGCCAATTGACACTGAGTGAAAAAGAAGCGCTTTACGATTTATTAATTGAAGGTTTTGAAGGCGATTTTTCGCATGACGATTTCGCGCACACTTTAGGTGGAATGCACGTCATGGCTTTTGATCAACAAAAATTGGTTGGTCATGTTGCAATTATTCAACGCCATATGGCCCTAGATAATACGCCTATCTCTGTAGGGTATGTTGAAGCGATGGTAGTTGAACAAAGTTATCGTCGCCAAGGTATTGGGCGGCAATTGATGCTGCAAACCAATAAAATTATAGCTTCGTGTTATCAATTAGGGCTGCTGTCGGCTTCAGATGATGGACAAAAATTGTATCATTCGGTTGGATGGCAAATCTGGAAAGGTAAGTTGTTTGAATTGAAACAAGGGAGCTATATCCGTTCTATTGAAGAAGAAGGCGGAGTCATGGGCTGGAAAGCGGATGGTGAGGTTGATTTTACCGCTTCGCTTTACTGTGATTTTCGTGGCGGTGATCAGTGGTAA,NZ_JADSTG010000019.1,+,aac(2')-Ia,aminoglycoside N-acetyltransferase AAC(2')-Ia,Homo sapiens,Providencia alcalifaciens,"USA: Pittsburgh, Pennsylvania",178,AMR,core,AMR,AMINOGLYCOSIDE,GENTAMICIN/TOBRAMYCIN,EXACTP,100,100
Providencia stuartii,WP_004918308.1,SAMN16357209,PDT000920790.1,ATGGGCATAGAATACCGCAGTCTGCATACCAGCCAATTGACACTGAGTGAAAAAGAAGCGCTTTACGATTTATTAATTGAAGGTTTTGAAGGCGATTTTTCGCATGACGATTTCGCGCACACTTTAGGTGGAATGCACGTCATGGCTTTTGATCAACAAAAATTGGTTGGTCATGTTGCAATTATTCAACGCCATATGGCCCTAGATAATACGCCTATCTCTGTAGGGTATGTTGAAGCGATGGTAGTTGAACAAAGTTATCGTCGCCAAGGTATTGGGCGGCAATTGATGCTGCAAACCAATAAAATTATAGCTTCGTGTTATCAATTAGGGCTGCTGTCGGCTTCAGATGATGGACAAAAATTGTATCATTCGGTCGGATGGCAAATCTGGAAAGGTAAGTTGTTTGAATTGAAACAAGGGAGCTATATCCGTTCTATTGAAGAAGAAGGCGGAGTCATGGGCTGGAAAGCGGATGGTGAGGTTGATTTTACCGCTTCGCTTTACTGTGATTTTCGTGGCGGTGATCAGTGGTAA,NZ_CP066071.1,+,aac(2')-Ia,aminoglycoside N-acetyltransferase AAC(2')-Ia,,Providencia alcalifaciens,USA:VA,178,AMR,core,AMR,AMINOGLYCOSIDE,GENTAMICIN/TOBRAMYCIN,EXACTP,100,100
Providencia stuartii,WP_004918308.1,SAMD00510897,PDT001481772.1,TTACCACTGATCACCGCCACGAAAATCACAGTAAAGCGAAGCGGTAAAATCAACCTCACCATCCGCTTTCCAGCCCATGACTCCGCCTTCTTCTTCAATAGAACGGATATAGCTCCCTTGTTTCAATTCAAACAACTTACCTTTCCAGATTTGCCATCCAACCGAATGATACAATTTTTGTCCATCATCCGAAGCCGACAGCAGCCCTAATTGATAACACGAAGCTATAATTTTATTGGTTTGCAGCATCAATTGCCGCCCAATACCTTGGCGACGATAACTTTGTTCAACCACCATCGCTTCAACATACCCTACAGAGATAGGCGTATTATCTAGGGCCATATGGCGTTGAATAATTGCAACATGACCAACCAATTTTTGTTGATCAAAAGCCATGACGTGCATTCCACCTAAAGTGTGCGCGAAATCGTCATGCGAAAAATCGCCTTCAAAACCTTCAATTAATAAATCGTAAAGCGCTTCTTTTTCACTCAGTGTCAATTGGCTGGTATGCAGACTGCGGTATTCTATGCCCAT,NZ_BRUT01000011.1,-,aac(2')-Ia,aminoglycoside N-acetyltransferase AAC(2')-Ia,,Providencia alcalifaciens,Japan,178,AMR,core,AMR,AMINOGLYCOSIDE,GENTAMICIN/TOBRAMYCIN,EXACTP,100,100
Providencia stuartii,WP_004918308.1,SAMN35769089,PDT001807409.1,TTACCACTGATCACCGCCACGAAAATCACAGTAAAGCGAAGCGGTAAAATCAACCTCACCATCCGCTTTCCAGCCCATGACTCCGCCTTCTTCTTCAATAGAACGGATATAGCTCCCTTGTTTCAATTCAAACAACTTACCTTTCCAGATTTGCCATCCAACCGAATGATACAATTTTTGTCCATCATCCGAAGCCGACAGCAGCCCTAATTGATAACACGAAGCTATAATTTTATTGGTTTGCAGCATCAATTGCCGCCCAATACCTTGGCGACGATAACTTTGTTCAACCACCATCGCTTCAACATACCCTACAGAGATAGGCGTATTATCTAGGGCCATATGGCGTTGAATAATTGCAACATGACCAACCAATTTTTGTTGATCAAAAGCCATGACGTGCATTCCACCTAAAGTGTGCGCGAAATCGTCATGCGAAAAATCGCCTTCAAAACCTTCAATTAATAAATCGTAAAGCGCTTCTTTTTCACTCAGTGTCAATTGGCTGGTATGCAGACTGCGGTATTCTATGCCCAT,NZ_JAUEHQ010000011.1,-,aac(2')-Ia,aminoglycoside N-acetyltransferase AAC(2')-Ia,,Providencia alcalifaciens,Japan,178,AMR,core,AMR,AMINOGLYCOSIDE,GENTAMICIN/TOBRAMYCIN,EXACTP,100,100
Providencia stuartii,WP_004918308.1,SAMN05629093,PDT000168559.1,ATGGGCATAGAATACCGCAGTCTGCATACCAGCCAATTGACACTGAGTGAAAAAGAAGCGCTTTACGATTTATTAATTGAAGGTTTTGAAGGCGATTTTTCGCATGACGATTTCGCGCACACTTTAGGTGGAATGCACGTCATGGCTTTTGATCAACAAAAATTGGTTGGTCATGTTGCAATTATTCAACGCCATATGGCCCTAGATAATACGCCTATCTCTGTAGGGTATGTTGAAGCGATGGTAGTTGAACAAAGTTATCGTCGCCAAGGTATTGGGCGGCAATTGATGCTGCAAACCAATAAAATTATAGCTTCGTGTTATCAATTAGGGCTGCTGTCGGCTTCAGATGATGGACAAAAATTGTATCATTCGGTTGGATGGCAAATCTGGAAAGGTAAGTTGTTTGAATTGAAACAAGGGAGCTATATCCGTTCTATTGAAGAAGAAGGCGGAGTCATGGGCTGGAAAGCGGATGGTGAGGTTGATTTTACCGCTTCGCTTTACTGTGATTTTCGTGGCGGTGATCAGTGGTAA,NZ_CP017054.1,+,aac(2')-Ia,aminoglycoside N-acetyltransferase AAC(2')-Ia,Homo sapiens,Providencia alcalifaciens,USA: Maryland,178,AMR,core,AMR,AMINOGLYCOSIDE,GENTAMICIN/TOBRAMYCIN,EXACTP,100,100
Providencia stuartii,HAU5775679.1,SAMN05581777,PDT000433404.1,TTACCACTGATCACCGCCACGAAAATCACAGTAAAGCGAAGCGGTAAAATCAACCTCACCATCCGCTTTCCAGCCCATGACTCCGCCTTCTTCTTCAATAGAACGGATATAGCTCCCTTGTTTCAATTCAAACAACTTACCTTTCCAGATTTGCCATCCAACCGAATGATACAATTTTTGTCCATCATCTGAAGCCGACAGCAGCCCTAATTGATAACACGAAGCTATAATTTTATTGGTTTGCAGCATCAATTGCCGCCCAATACCTTGGCGACGATAACTTTGTTCAACTACCATCGCTTCAACATACCCTACAGAGATAGGCGTATTATCTAGGGCCATATGGCGTTGAATAATTGCAACATGACCAACCAATTTTTGTTGATCAAAAGCCATGACGTGCATTCCACCTAAAGTGTGCGCGAAATCGTCATGCGAAAAATCGCCTTCAAAACCTTCAATTAATAAATCGTAAAGCGCTTCTTTTTCACTCAGTGTCAATTGGCTGGTATGCAGACTGCGGTATTCTATGCCCAT,DACXUK010000020.1,-,aac(2')-Ia,aminoglycoside N-acetyltransferase AAC(2')-Ia,Homo sapiens,Providencia alcalifaciens,USA: Arizona,178,AMR,core,AMR,AMINOGLYCOSIDE,GENTAMICIN/TOBRAMYCIN,EXACTP,100,100
Providencia stuartii,WP_004918308.1,SAMN13155983,PDT000635675.1,TTACCACTGATCACCGCCACGAAAATCACAGTAAAGCGAAGCGGTAAAATCAACCTCACCATCCGCTTTCCAGCCCATGACTCCGCCTTCTTCTTCAATAGAACGGATATAGCTCCCTTGTTTCAATTCAAACAACTTACCTTTCCAGATTTGCCATCCAACCGAATGATACAATTTTTGTCCATCATCCGAAGCCGACAGCAGCCCTAATTGATAACACGAAGCTATAATTTTATTGGTTTGCAGCATCAATTGCCGCCCAATACCTTGGCGACGATAACTTTGTTCAACCACCATCGCTTCAACATACCCTACAGAGATAGGCGTATTATCTAGGGCCATATGGCGTTGAATAATTGCAACATGACCAACCAATTTTTGTTGATCAAAAGCCATGACGTGCATTCCACCTAAAGTGTGCGCGAAATCGTCATGCGAAAAATCGCCTTCAAAACCTTCAATTAATAAATCGTAAAGCGCTTCTTTTTCACTCAGTGTCAATTGGCTGGTATGCAGACTGCGGTATTCTATGCCCAT,NZ_WLUM01000067.1,-,aac(2')-Ia,aminoglycoside N-acetyltransferase AAC(2')-Ia,,Providencia alcalifaciens,Poland,178,AMR,core,AMR,AMINOGLYCOSIDE,GENTAMICIN/TOBRAMYCIN,EXACTP,100,100
Providencia stuartii,WP_004918308.1,SAMN13155985,PDT000635676.1,TTACCACTGATCACCGCCACGAAAATCACAGTAAAGCGAAGCGGTAAAATCAACCTCACCATCCGCTTTCCAGCCCATGACTCCGCCTTCTTCTTCAATAGAACGGATATAGCTCCCTTGTTTCAATTCAAACAACTTACCTTTCCAGATTTGCCATCCAACCGAATGATACAATTTTTGTCCATCATCCGAAGCCGACAGCAGCCCTAATTGATAACACGAAGCTATAATTTTATTGGTTTGCAGCATCAATTGCCGCCCAATACCTTGGCGACGATAACTTTGTTCAACCACCATCGCTTCAACATACCCTACAGAGATAGGCGTATTATCTAGGGCCATATGGCGTTGAATAATTGCAACATGACCAACCAATTTTTGTTGATCAAAAGCCATGACGTGCATTCCACCTAAAGTGTGCGCGAAATCGTCATGCGAAAAATCGCCTTCAAAACCTTCAATTAATAAATCGTAAAGCGCTTCTTTTTCACTCAGTGTCAATTGGCTGGTATGCAGACTGCGGTATTCTATGCCCAT,NZ_WLUK01000053.1,-,aac(2')-Ia,aminoglycoside N-acetyltransferase AAC(2')-Ia,,Providencia alcalifaciens,Poland,178,AMR,core,AMR,AMINOGLYCOSIDE,GENTAMICIN/TOBRAMYCIN,EXACTP,100,100
Providencia stuartii,WP_004918308.1,SAMN12250802,PDT000686033.1,TTACCACTGATCACCGCCACGAAAATCACAGTAAAGCGAAGCGGTAAAATCAACCTCACCATCCGCTTTCCAGCCCATGACTCCGCCTTCTTCTTCAATAGAACGGATATAGCTCCCTTGTTTCAATTCAAACAACTTACCTTTCCAGATTTGCCATCCAACCGAATGATACAATTTTTGTCCATCATCTGAAGCCGACAGCAGCCCTAATTGATAACACGAAGCTATAATTTTATTGGTTTGCAGCATCAATTGCCGCCCAATACCTTGGCGACGATAACTTTGTTCAACTACCATCGCTTCAACATACCCTACAGAGATAGGCGTATTATCTAGGGCCATATGGCGTTGAATAATTGCAACATGACCAACCAATTTTTGTTGATCAAAAGCCATGACGTGCATTCCACCTAAAGTGTGCGCGAAATCGTCATGCGAAAAATCGCCTTCAAAACCTTCAATTAATAAATCGTAAAGCGCTTCTTTTTCACTCAGTGTCAATTGGCTGGTATGCAGACTGCGGTATTCTATGCCCAT,NZ_VLLX01000016.1,-,aac(2')-Ia,aminoglycoside N-acetyltransferase AAC(2')-Ia,Homo sapiens,Providencia alcalifaciens,USA,178,AMR,core,AMR,AMINOGLYCOSIDE,GENTAMICIN/TOBRAMYCIN,EXACTP,100,100
Providencia stuartii,WP_004918308.1,SAMN12250653,PDT000686034.1,ATGGGCATAGAATACCGCAGTCTGCATACCAGCCAATTGACACTGAGTGAAAAAGAAGCGCTTTACGATTTATTAATTGAAGGTTTTGAAGGCGATTTTTCGCATGACGATTTCGCGCACACTTTAGGTGGAATGCACGTCATGGCTTTTGATCAACAAAAATTGGTTGGTCATGTTGCAATTATTCAACGCCATATGGCCCTAGATAATACGCCTATCTCTGTAGGGTATGTTGAAGCGATGGTAGTTGAACAAAGTTATCGTCGCCAAGGTATTGGGCGGCAATTGATGCTGCAAACCAATAAAATTATAGCTTCGTGTTATCAATTAGGGCTGCTGTCGGCTTCAGATGATGGACAAAAATTGTATCATTCGGTCGGATGGCAAATCTGGAAAGGTAAGTTGTTTGAATTGAAACAAGGGAGCTATATCCGTTCTATTGAAGAAGAAGGCGGAGTCATGGGCTGGAAAGCGGATGGTGAGGTTGATTTTACCGCTTCGCTTTACTGTGATTTTCGTGGCGGTGATCAGTGGTAA,NZ_VKWR01000079.1,+,aac(2')-Ia,aminoglycoside N-acetyltransferase AAC(2')-Ia,Homo sapiens,Providencia alcalifaciens,USA,178,AMR,core,AMR,AMINOGLYCOSIDE,GENTAMICIN/TOBRAMYCIN,EXACTP,100,100
Providencia stuartii,WP_004918308.1,SAMN17965015,PDT000977656.1,TTACCACTGATCACCGCCACGAAAATCACAGTAAAGCGAAGCGGTAAAATCAACCTCACCATCCGCTTTCCAGCCCATGACTCCGCCTTCTTCTTCAATAGAACGGATATAGCTCCCTTGTTTCAATTCAAACAACTTACCTTTCCAGATTTGCCATCCAACCGAATGATACAATTTTTGTCCATCATCCGAAGCCGACAGCAGCCCTAATTGATAACACGAAGCTATAATTTTATTGGTTTGCAGCATCAATTGCCGCCCAATACCTTGGCGACGATAACTTTGTTCAACCACCATCGCTTCAACATACCCTACAGAGATAGGCGTATTATCTAGGGCCATATGGCGTTGAATAATTGCAACATGACCAACCAATTTTTGTTGATCAAAAGCCATGACGTGCATTCCACCTAAAGTGTGCGCGAAATCGTCATGCGAAAAATCGCCTTCAAAACCTTCAATTAATAAATCGTAAAGCGCTTCTTTTTCACTCAGTGTCAATTGGCTGGTATGCAGACTGCGGTATTCTATGCCCAT,NZ_JAFJBS010000010.1,-,aac(2')-Ia,aminoglycoside N-acetyltransferase AAC(2')-Ia,Homo sapiens,Providencia alcalifaciens,"USA: Pittsburgh, Pennsylvania",178,AMR,core,AMR,AMINOGLYCOSIDE,GENTAMICIN/TOBRAMYCIN,EXACTP,100,100
Providencia stuartii,WP_004918308.1,SAMN17965016,PDT000977657.1,TTACCACTGATCACCGCCACGAAAATCACAGTAAAGCGAAGCGGTAAAATCAACCTCACCATCCGCTTTCCAGCCCATGACTCCGCCTTCTTCTTCAATAGAACGGATATAGCTCCCTTGTTTCAATTCAAACAACTTACCTTTCCAGATTTGCCATCCAACCGAATGATACAATTTTTGTCCATCATCCGAAGCCGACAGCAGCCCTAATTGATAACACGAAGCTATAATTTTATTGGTTTGCAGCATCAATTGCCGCCCAATACCTTGGCGACGATAACTTTGTTCAACCACCATCGCTTCAACATACCCTACAGAGATAGGCGTATTATCTAGGGCCATATGGCGTTGAATAATTGCAACATGACCAACCAATTTTTGTTGATCAAAAGCCATGACGTGCATTCCACCTAAAGTGTGCGCGAAATCGTCATGCGAAAAATCGCCTTCAAAACCTTCAATTAATAAATCGTAAAGCGCTTCTTTTTCACTCAGTGTCAATTGGCTGGTATGCAGACTGCGGTATTCTATGCCCAT,NZ_JAFJBR010000009.1,-,aac(2')-Ia,aminoglycoside N-acetyltransferase AAC(2')-Ia,Homo sapiens,Providencia alcalifaciens,"USA: Pittsburgh, Pennsylvania",178,AMR,core,AMR,AMINOGLYCOSIDE,GENTAMICIN/TOBRAMYCIN,EXACTP,100,100
Providencia stuartii,WP_004918308.1,SAMN17965018,PDT000977659.1,TTACCACTGATCACCGCCACGAAAATCACAGTAAAGCGAAGCGGTAAAATCAACCTCACCATCCGCTTTCCAGCCCATGACTCCGCCTTCTTCTTCAATAGAACGGATATAGCTCCCTTGTTTCAATTCAAACAACTTACCTTTCCAGATTTGCCATCCAACCGAATGATACAATTTTTGTCCATCATCCGAAGCCGACAGCAGCCCTAATTGATAACACGAAGCTATAATTTTATTGGTTTGCAGCATCAATTGCCGCCCAATACCTTGGCGACGATAACTTTGTTCAACCACCATCGCTTCAACATACCCTACAGAGATAGGCGTATTATCTAGGGCCATATGGCGTTGAATAATTGCAACATGACCAACCAATTTTTGTTGATCAAAAGCCATGACGTGCATTCCACCTAAAGTGTGCGCGAAATCGTCATGCGAAAAATCGCCTTCAAAACCTTCAATTAATAAATCGTAAAGCGCTTCTTTTTCACTCAGTGTCAATTGGCTGGTATGCAGACTGCGGTATTCTATGCCCAT,NZ_JAFJBP010000010.1,-,aac(2')-Ia,aminoglycoside N-acetyltransferase AAC(2')-Ia,Homo sapiens,Providencia alcalifaciens,"USA: Pittsburgh, Pennsylvania",178,AMR,core,AMR,AMINOGLYCOSIDE,GENTAMICIN/TOBRAMYCIN,EXACTP,100,100
Providencia stuartii,WP_004918308.1,SAMN18510987,PDT001009255.1,TTACCACTGATCACCGCCACGAAAATCACAGTAAAGCGAAGCGGTAAAATCAACCTCACCATCCGCTTTCCAGCCCATGACTCCGCCTTCTTCTTCAATAGAACGGATATAGCTCCCTTGTTTCAATTCAAACAACTTACCTTTCCAGATTTGCCATCCAACCGAATGATACAATTTTTGTCCATCATCCGAAGCCGACAGCAGCCCTAATTGATAACACGAAGCTATAATTTTATTGGTTTGCAGCATCAATTGCCGCCCAATACCTTGGCGACGATAACTTTGTTCAACCACCATCGCTTCAACATACCCTACAGAGATAGGCGTATTATCTAGGGCCATATGGCGTTGAATAATTGCAACATGACCAACCAATTTTTGTTGATCAAAAGCCATGACGTGCATTCCACCTAAAGTGTGCGCGAAATCGTCATGCGAAAAATCGCCTTCAAAACCTTCAATTAATAAATCGTAAAGCGCTTCTTTTTCACTCAGTGTCAATTGGCTGGTATGCAGACTGCGGTATTCTATGCCTAT,NZ_JAGKPS010000028.1,-,aac(2')-Ia,aminoglycoside N-acetyltransferase AAC(2')-Ia,Homo sapiens,Providencia alcalifaciens,USA,178,AMR,core,AMR,AMINOGLYCOSIDE,GENTAMICIN/TOBRAMYCIN,EXACTP,100,100
Providencia stuartii,WP_004918308.1,SAMN28204728,PDT001314904.1,TTACCACTGATCACCGCCACGAAAATCACAGTAAAGCGAAGCGGTAAAATCAACCTCACCATCCGCTTTCCAGCCCATGACTCCGCCTTCTTCTTCAATAGAACGGATATAGCTCCCTTGTTTCAATTCAAACAACTTACCTTTCCAGATTTGCCATCCGACCGAATGATACAATTTTTGTCCATCATCTGAAGCCGACAGCAGCCCTAATTGATAACACGAAGCTATAATTTTATTGGTTTGCAGCATCAATTGCCGCCCAATACCTTGGCGACGATAACTTTGTTCAACTACCATCGCTTCAACATACCCTACAGAGATAGGCGTATTATCTAGGGCCATATGGCGTTGAATAATTGCAACATGACCAACCAATTTTTGTTGATCAAAAGCCATGACGTGCATTCCACCTAAAGTGTGCGCGAAATCGTCATGCGAAAAATCGCCTTCAAAACCTTCAATTAATAAATCGTAAAGCGCTTCTTTTTCACTCAGTGTCAATTGGCTGGTATGCAGACTGCGGTATTCTATGCCCAT,NZ_CP097380.1,-,aac(2')-Ia,aminoglycoside N-acetyltransferase AAC(2')-Ia,Homo sapiens,Providencia alcalifaciens,China: Wenzhou,178,AMR,core,AMR,AMINOGLYCOSIDE,GENTAMICIN/TOBRAMYCIN,EXACTP,100,100
Providencia stuartii,WP_004918308.1,SAMN37419322,PDT001899432.1,ATGGGCATAGAATACCGCAGTCTGCATACCAGCCAATTGACACTGAGTGAAAAAGAAGCGCTTTACGATTTATTAATTGAAGGTTTTGAAGGCGATTTTTCGCATGACGATTTCGCGCACACTTTAGGTGGAATGCACGTCATGGCTTTTGATCAACAAAAATTGGTTGGTCATGTTGCAATTATTCAACGCCATATGGCCCTAGATAATACGCCTATCTCTGTAGGGTATGTTGAAGCGATGGTGGTTGAACAAAGTTATCGTCGCCAAGGTATTGGGCGGCAATTGATGCTGCAAACCAATAAAATTATAGCTTCGTGTTATCAATTAGGGCTGCTGTCGGCTTCGGATGATGGACAAAAATTGTATCATTCGGTTGGATGGCAAATCTGGAAAGGTAAGTTGTTTGAATTGAAACAAGGGAGCTATATCCGTTCTATTGAAGAAGAAGGCGGAGTCATGGGCTGGAAAGCGGATGGTGAGGTTGATTTTACCGCTTCGCTTTACTGTGATTTTCGTGGCGGTGATCAGTGGTAA,NZ_JAVRQF010000003.1,+,aac(2')-Ia,aminoglycoside N-acetyltransferase AAC(2')-Ia,Homo sapiens,Providencia alcalifaciens,Bangladesh,178,AMR,core,AMR,AMINOGLYCOSIDE,GENTAMICIN/TOBRAMYCIN,EXACTP,100,100
Providencia stuartii,WP_004918308.1,SAMN34300589,PDT001910086.1,ATGGGCATAGAATACCGCAGTCTGCATACCAGCCAATTGACACTGAGTGAAAAAGAAGCGCTTTACGATTTATTAATTGAAGGTTTTGAAGGCGATTTTTCGCATGACGATTTCGCGCACACTTTAGGTGGAATGCACGTCATGGCTTTTGATCAACAAAAATTGGTTGGTCATGTTGCAATTATTCAACGCCATATGGCCCTAGATAATACGCCTATCTCTGTAGGGTATGTTGAAGCGATGGTAGTTGAACAAAGTTATCGTCGCCAAGGTATTGGGCGGCAATTGATGCTGCAAACCAATAAAATTATAGCTTCGTGTTATCAATTAGGGCTGCTGTCGGCTTCAGATGATGGACAAAAATTGTATCATTCGGTTGGATGGCAAATCTGGAAAGGTAAGTTGTTTGAATTGAAACAAGGGAGCTATATCCGTTCTATTGAAGAAGAAGGCGGAGTCATGGGCTGGAAAGCGGATGGTGAGGTTGATTTTACCGCTTCGCTTTACTGTGATTTTCGTGGCGGTGATCAGTGGTAA,NZ_JASDEX010000012.1,+,aac(2')-Ia,aminoglycoside N-acetyltransferase AAC(2')-Ia,Homo sapiens,Providencia alcalifaciens,Bangladesh: Dhaka,178,AMR,core,AMR,AMINOGLYCOSIDE,GENTAMICIN/TOBRAMYCIN,EXACTP,100,100
Providencia stuartii,WP_004918308.1,SAMN02904571,PDT000038939.1,ATGGGCATAGAATACCGCAGTCTGCATACCAGCCAATTGACACTGAGTGAAAAAGAAGCGCTTTACGATTTATTAATTGAAGGTTTTGAAGGCGATTTTTCGCATGACGATTTCGCGCACACTTTAGGTGGAATGCACGTCATGGCTTTTGATCAACAAAAATTGGTTGGTCATGTTGCAATTATTCAACGCCATATGGCCCTAGATAATACGCCTATCTCTGTAGGGTATGTTGAAGCGATGGTAGTTGAACAAAGTTATCGTCGCCAAGGTATTGGGCGGCAATTGATGCTGCAAACCAATAAAATTATAGCTTCGTGTTATCAATTAGGGCTGCTGTCGGCTTCAGATGATGGACAAAAATTGTATCATTCGGTCGGATGGCAAATCTGGAAAGGTAAGTTGTTTGAATTGAAACAAGGGAGCTATATCCGTTCTATTGAAGAAGAAGGCGGAGTCATGGGCTGGAAAGCGGATGGTGAGGTTGATTTTACCGCTTCGCTTTACTGTGATTTTCGTGGCGGTGATCAGTGGTAA,NZ_CP008920.1,+,aac(2')-Ia,aminoglycoside N-acetyltransferase AAC(2')-Ia,,Providencia alcalifaciens,,178,AMR,core,AMR,AMINOGLYCOSIDE,GENTAMICIN/TOBRAMYCIN,EXACTP,100,100
Providencia stuartii,ELR5036991.1,SAMN17767323,PDT000947611.5,TTACCATTGATCACCGCCGCGAAAATCACAATACAGTGAAGCACTCAAATCAATTTCACCATCAGCTTTCCAGCCCATAACCCCACCTTCTTCTTCAATAGAGCGGATATAGTGGCCTTGATTTAATTCGAATAGTTTGCCTTTCCATACTCTCCAGCCAACCGAATGATACAATTTCTCTCCTTCTTCCGAAGCCGATAACAAACCTAACGGATAACATGAACCAATGATTTTATTCGTTTGTAACATCAATTGTCGCCCAATCCCTTGACGTCGATAGTCATGTAAAACCACCATAGCTTCAACATAACCAACAGAAATAGGCGCTTCATTGATTGCCATATGACGCTGAATTATCGCAACATGGCCAACCATTTTTTGTTGGTCAAAGGCAACCACATGCATTCCACCGAGAGTATGTGCAAAATCATCATGCGTAAAATCCCCTTCAAAGCCTTCCACAAGCAAGTGATAAAGCCTCTCTTTTTCATCTTGTGATAATTGGGATGTATGCAGATTGCGATATTCGATAGCCAT,AAZDVE030000029.1,-,aac(2')-Ia,aminoglycoside N-acetyltransferase AAC(2')-Ia,Homo sapiens,Providencia alcalifaciens,USA,178,AMR,core,AMR,AMINOGLYCOSIDE,GENTAMICIN/TOBRAMYCIN,HMM,100,83.15
Providencia stuartii,HAU5736048.1,SAMN05581776,PDT000433403.1,ATGGGCATAGAATACCGCAGTCTGCATACCAGCCAATTGACACTGAGTGAAAAAGAAGCGCTTTACGATTTATTAATTGAAGGTTTTGAAGGCGATTTTTCGCATGACGATTTCGCGCACACTTTAGGTGGAATGCACGTCATGGCTTTTGATCAACAAAAATTGGTTGGTCATGTTGCAATTATTCAACGCCATATGGCCCTAGATAATACGCCTATCTCTGTAGGGTATGTTGAAGCGATGGTAGTTGAACAAAGTTATCGTCGCCAAGGTATTGGGCGGCAATTGATGCTGCAAACCAATAAAATTATAGCTTCGTGTTATCAATTAGGGCTGCTGTCGGCTTCAGATGATGGACAAAAATTGTATCATTCGGTTGGATGGCAAATCTGGAAAGGTAAGTTGTTTGAATTGAAACAAGGGAGCTATATCCGTTCTATTGAAGAAGAAGGCGGAGTCATGGGCTGGAAAGCGGATGGTGAGGTTGATTTTACCGCTTCGCTTTACTGTGATTTTCGTGGCGGTGATCAGTGGTAA,DACXUI010000048.1,+,aac(2')-Ia,aminoglycoside N-acetyltransferase AAC(2')-Ia,Homo sapiens,Providencia alcalifaciens,USA: Arizona,178,AMR,core,AMR,AMINOGLYCOSIDE,GENTAMICIN/TOBRAMYCIN,EXACTP,100,100
Providencia stuartii,WP_004918308.1,SAMN09272521,PDT000537006.1,TTACCACTGATCACCGCCACGAAAATCACAGTAAAGCGAAGCGGTAAAATCAACCTCACCATCCGCTTTCCAGCCCATGACTCCGCCTTCTTCTTCAATAGAACGGATATAGCTCCCTTGTTTCAATTCAAACAACTTACCTTTCCAGATTTGCCATCCAACCGAATGATACAATTTTTGTCCATCATCCGAAGCCGACAGCAGCCCTAATTGATAACACGAAGCTATAATTTTATTGGTTTGCAGCATCAATTGCCGCCCAATACCTTGGCGACGATAACTTTGTTCAACCACCATCGCTTCAACATACCCTACAGAGATAGGCGTATTATCTAGGGCCATATGGCGTTGAATAATTGCAACATGACCAACCAATTTTTGTTGATCAAAAGCCATGACGTGCATTCCACCTAAAGTGTGCGCGAAATCGTCATGCGAAAAATCGCCTTCAAAACCTTCAATTAATAAATCGTAAAGCGCTTCTTTTTCACTCAGTGTCAATTGGCTGGTATGCAGACTGCGGTATTCTATGCCCAT,NZ_VHOL01000021.1,-,aac(2')-Ia,aminoglycoside N-acetyltransferase AAC(2')-Ia,Homo sapiens,Providencia alcalifaciens,Brazil: Sao Paulo,178,AMR,core,AMR,AMINOGLYCOSIDE,GENTAMICIN/TOBRAMYCIN,EXACTP,100,100
Providencia stuartii,WP_004918308.1,SAMN17039451,PDT001549676.1,TTACCACTGATCACCGCCACGAAAATCACAGTAAAGCGAAGCGGTAAAATCAACCTCACCATCCGCTTTCCAGCCCATGACTCCGCCTTCTTCTTCAATAGAACGGATATAGCTCCCTTGTTTCAATTCAAACAACTTACCTTTCCAGATTTGCCATCCAACCGAATGATACAATTTTTGTCCATCATCTGAAGCCGACAGCAGCCCTAATTGATAACACGAAGCTATAATTTTATTGGTTTGCAGCATCAATTGCCGCCCAATACCTTGGCGACGATAACTTTGTTCAACTACCATCGCTTCAACATACCCTACAGAGATAGGCGTATTATCTAGGGCCATATGGCGTTGAATAATTGCAACATGACCAACCAATTTTTGTTGATCAAAAGCCATGACGTGCATTCCACCTAAAGTGTGCGCGAAATCGTCATGCGAAAAATCGCCTTCAAAACCTTCAATTAATAAATCGTAAAGCGCTTCTTTTTCACTCAGTGTCAATTGGCTGGTATGCAGACTGCGGTATTCTATGCCCAT,NZ_CP114579.1,-,aac(2')-Ia,aminoglycoside N-acetyltransferase AAC(2')-Ia,Homo sapiens,Providencia alcalifaciens,USA,178,AMR,core,AMR,AMINOGLYCOSIDE,GENTAMICIN/TOBRAMYCIN,EXACTP,100,100
Providencia stuartii,WP_004918308.1,SAMN20244338,PDT001096133.1,ATGGGCATAGAATACCGCAGTCTGCATACCAGCCAATTGACACTGAGTGAAAAAGAAGCGCTTTACGATTTATTAATTGAAGGTTTTGAAGGCGATTTTTCGCATGACGATTTCGCGCACACTTTAGGTGGAATGCACGTCATGGCTTTTGATCAACAAAAATTGGTTGGTCATGTTGCAATTATTCAACGCCATATGGCCCTAGATAATACGCCTATCTCTGTAGGGTATGTTGAAGCGATGGTAGTTGAACAAAGTTATCGTCGCCAAGGTATTGGGCGGCAATTGATGCTGCAAACCAATAAAATTATAGCTTCGTGTTATCAATTAGGGCTGCTGTCGGCTTCAGATGATGGACAAAAATTGTATCATTCGGTTGGATGGCAAATCTGGAAAGGTAAGTTGTTTGAATTGAAACAAGGGAGCTATATCCGTTCTATTGAAGAAGAAGGCGGAGTCATGGGCTGGAAAGCGGATGGTGAGGTTGATTTTACCGCTTCGCTTTACTGTGATTTTCGTGGCGGTGATCAGTGGTAA,NZ_JAHWLJ010000039.1,+,aac(2')-Ia,aminoglycoside N-acetyltransferase AAC(2')-Ia,Homo sapiens,Providencia alcalifaciens,USA,178,AMR,core,AMR,AMINOGLYCOSIDE,GENTAMICIN/TOBRAMYCIN,EXACTP,100,100
Providencia stuartii,WP_004918308.1,SAMN22215868,PDT001158239.1,ATGGGCATAGAATACCGCAGTCTGCATACCAGCCAATTGACACTGAGTGAAAAAGAAGCGCTTTACGATTTATTAATTGAAGGTTTTGAAGGCGATTTTTCGCATGACGATTTCGCGCACACTTTAGGTGGAATGCACGTCATGGCTTTTGATCAACAAAAATTGGTTGGTCATGTTGCAATTATTCAACGCCATATGGCCCTAGATAATACGCCTATCTCTGTAGGGTATGTTGAAGCGATGGTAGTTGAACAAAGTTATCGTCGCCAAGGTATTGGGCGGCAATTGATGCTGCAAACCAATAAAATTATAGCTTCGTGTTATCAATTAGGGCTGCTGTCGGCTTCAGATGATGGACAAAAATTGTATCATTCGGTTGGATGGCAAATCTGGAAAGGTAAGTTGTTTGAATTGAAACAAGGGAGCTATATCCGTTCTATTGAAGAAGAAGGCGGAGTCATGGGCTGGAAAGCGGATGGTGAGGTTGATTTTACCGCTTCGCTTTACTGTGATTTTCGTGGCGGTGATCAGTGGTAA,NZ_JAJAUX010000030.1,+,aac(2')-Ia,aminoglycoside N-acetyltransferase AAC(2')-Ia,Homo sapiens,Providencia alcalifaciens,USA,178,AMR,core,AMR,AMINOGLYCOSIDE,GENTAMICIN/TOBRAMYCIN,EXACTP,100,100
Providencia stuartii,HAU5777174.1,SAMN05581777,PDT000433404.1,ATGGGCATAGAATACCGCAGTCTGCATACCAGCCAATTGACACTGAGTGAAAAAGAAGCGCTTTACGATTTATTAATTGAAGGTTTTGAAGGCGATTTTTCGCATGACGATTTCGCGCACACTTTAGGTGGAATGCACGTCATGGCTTTTGATCAACAAAAATTGGTTGGTCATGTTGCAATTATTCAACGCCATATGGCCCTAGATAATACGCCTATCTCTGTAGGGTATGTTGAAGCGATGGTAGTTGAACAAAGTTATCGTCGCCAAGGTATTGGGCGGCAATTGATGCTGCAAACCAATAAAATTATAGCTTCGTGTTATCAATTAGGGCTGCTGTCGGCTTCAGATGATGGACAAAAATTGTATCATTCGGTTGGATGGCAAATCTGGAAAGGTAAGTTGTTTGAATTGAAACAAGGGAGCTATATCCGTTCTATTGAAGAAGAAGGCGGAGTCATGGGCTGGAAAGCGGATGGTGAGGTTGATTTTACCGCTTCGCTTTACTGTGATTTTCGTGGCGGTGATCAGTGGTAA,DACXUK010000093.1,+,aac(2')-Ia,aminoglycoside N-acetyltransferase AAC(2')-Ia,Homo sapiens,Providencia alcalifaciens,USA: Arizona,178,AMR,core,AMR,AMINOGLYCOSIDE,GENTAMICIN/TOBRAMYCIN,EXACTP,100,100
Providencia stuartii,WP_004918308.1,SAMN04158301,PDT000097263.1,ATGGGCATAGAATACCGCAGTCTGCATACCAGCCAATTGACACTGAGTGAAAAAGAAGCGCTTTACGATTTATTAATTGAAGGTTTTGAAGGCGATTTTTCGCATGACGATTTCGCGCACACTTTAGGTGGAATGCACGTCATGGCTTTTGATCAACAAAAATTGGTTGGTCATGTTGCAATTATTCAACGCCATATGGCCCTAGATAATACGCCTATCTCTGTAGGGTATGTTGAAGCGATGGTGGTTGAACAAAGTTATCGTCGCCAAGGTATTGGGCGGCAATTGATGCTGCAAACCAATAAAATTATAGCTTCGTGTTATCAATTAGGGCTGCTGTCGGCTTCGGATGATGGACAAAAATTGTATCATTCGGTTGGATGGCAAATCTGGAAAGGTAAGTTGTTTGAATTGAAACAAGGGAGCTATATCCGTTCTATTGAAGAAGAAGGCGGAGTCATGGGCTGGAAAGCGGATGGTGAGGTTGATTTTACCGCTTCGCTTTACTGTGATTTTCGTGGCGGTGATCAGTGGTAA,NZ_LNHS01000022.1,+,aac(2')-Ia,aminoglycoside N-acetyltransferase AAC(2')-Ia,Homo sapiens,Providencia alcalifaciens,Norway,178,AMR,core,AMR,AMINOGLYCOSIDE,GENTAMICIN/TOBRAMYCIN,EXACTP,100,100
Providencia stuartii,WP_247047841.1,SAMN27549398,PDT001292648.1,TTACCATTGATCACCGCCGCGAAAATCACAATACAGTGAAGCACTCAAATCAATTTCACCATCAGCTTTCCAACCCATAACCCCACCTTCTTCTTCAATAGAGCGGATATAGTGGCCTTGCTTTAATTCGAATAGTTTGCCTTTCCATACTCTCCAGCCAACCGAATGATACAATTTCTCTCCTTCTTCCGAAGCCGATAACAAACCTAACGGATAACATGAACCAATGATTTTATTCGTTTGTAACATCAATTGTCGCCCAATCCCTTGACGTCGATAGTCATGTAAAACCACCATAGCTTCAACATAACCAACAGAAATAGGCGCTTCATTGATTGCCATATGACGCTGAATTATCGCAACATGGCCAACCATTTTTTGTTGGTCAAAGGCAACCACATGCATTCCACCGAGAGTATGTGCAAAATCATCATGCGTAAAATCCCCTTCAAAGCCTTCCACAAGCAAGTGATAAAGCCTCTCTTTTTCATCTTGTGATAATTGGGATGTATGCAGATTGCGATATTCGATAGCCAT,NZ_JALLDV010000184.1,-,aac(2')-Ia,aminoglycoside N-acetyltransferase AAC(2')-Ia,Homo sapiens,Providencia alcalifaciens,Brazil,178,AMR,core,AMR,AMINOGLYCOSIDE,GENTAMICIN/TOBRAMYCIN,HMM,100,83.71
Providencia stuartii,ELZ5941612.1,SAMN38671952,PDT002017841.1,ATGGCTATCGAATATCGCAATCTGCATACATCCCAATTATCACAAGATGAAAAAGAGAGGCTTTATCACTTGCTTGTGGAAGGCTTTGAAGGGGATTTTACGCATGATGATTTTGCACATACTCTCGGTGGAATGCATGTGGTTGCCTTTGACCAACAAAAAATGGTTGGCCATGTTGCGATAATTCAGCGTCATATGGCAATCAATGAAGCGCCTATTTCTGTTGGTTATGTTGAAGCTATGGTGGTTTTACATGACTATCGACGTCAAGGGATTGGGCGACAATTGATGTTACAAACGAATAAAATCATTGGTTCATGTTATCCGTTAGGTTTGTTATCGGCTTCGGAAGAAGGAGAGAAATTGTATCATTCGGTTGGCTGGAGAGTATGGAAAGGCAAACTATTCGAATTAAAGCAAGGCCACTATATCCGCTCTATTGAAGAAGAAGGTGGGGTTATGGGTTGGAAAGCTGATGGTGAAATTGATTTGAGTGCTTCACTGTATTGTGATTTTCGCGGCGGTGATCAATGGTAA,ABPHUR010000048.1,+,aac(2')-Ia,aminoglycoside N-acetyltransferase AAC(2')-Ia,Homo sapiens,Providencia alcalifaciens,USA,178,AMR,core,AMR,AMINOGLYCOSIDE,GENTAMICIN/TOBRAMYCIN,HMM,100,83.71
Providencia stuartii,WP_004918308.1,SAMN06173307,PDT000220638.2,TTACCACTGATCACCGCCACGAAAATCACAGTAAAGCGAAGCGGTAAAATCAACCTCACCATCCGCTTTCCAGCCCATGACTCCGCCTTCTTCTTCAATAGAACGGATATAGCTCCCTTGTTTCAATTCAAACAACTTACCTTTCCAGATTTGCCATCCAACCGAATGATACAATTTTTGTCCATCATCTGAAGCCGACAGCAGCCCTAATTGATAACACGAAGCTATAATTTTATTGGTTTGCAGCATCAATTGCCGCCCAATACCTTGGCGACGATAACTTTGTTCAACTACCATCGCTTCAACATACCCTACAGAGATAGGCGTATTATCTAGGGCCATATGGCGTTGAATAATTGCAACATGACCAACCAATTTTTGTTGATCAAAAGCCATGACGTGCATTCCACCTAAAGTGTGCGCGAAATCGTCATGCGAAAAATCGCCTTCAAAACCTTCAATTAATAAATCGTAAAGCGCTTCTTTTTCACTCAGTGTCAATTGGCTGGTATGCAGACTGCGGTATTCTATGCCCAT,NZ_NJEY02000002.1,-,aac(2')-Ia,aminoglycoside N-acetyltransferase AAC(2')-Ia,Homo sapiens,Providencia alcalifaciens,USA:DC,178,AMR,core,AMR,AMINOGLYCOSIDE,GENTAMICIN/TOBRAMYCIN,EXACTP,100,100
Providencia stuartii,ELR5038049.1,SAMN17767323,PDT000947611.5,ATGGCTATCGAATATCGCAATCTGCATACATCCCAATTATCACAAGATGAAAAAGAGAGGCTTTATCACTTGCTTGTGGAAGGCTTTGAAGGGGATTTTACGCATGATGATTTTGCACATACTCTCGGTGGAATGCATGTGGTTGCCTTTGACCAACAAAAAATGGTTGGCCATGTTGCGATAATTCAGCGTCATATGGCAATCAATGAAGCGCCTATTTCTGTTGGTTATGTTGAAGCTATGGTGGTTTTACATGACTATCGACGTCAAGGGATTGGGCGACAATTGATGTTACAAACGAATAAAATCATTGGTTCATGTTATCCGTTAGGTTTGTTATCGGCTTCGGAAGAAGGAGAGAAATTGTATCATTCGGTTGGCTGGAGAGTATGGAAAGGCAAACTATTCGAATTAAATCAAGGCCACTATATCCGCTCTATTGAAGAAGAAGGTGGGGTTATGGGCTGGAAAGCTGATGGTGAAATTGATTTGAGTGCTTCACTGTATTGTGATTTTCGCGGCGGTGATCAATGGTAA,AAZDVE030000088.1,+,aac(2')-Ia,aminoglycoside N-acetyltransferase AAC(2')-Ia,Homo sapiens,Providencia alcalifaciens,USA,178,AMR,core,AMR,AMINOGLYCOSIDE,GENTAMICIN/TOBRAMYCIN,HMM,100,83.15
Providencia stuartii,HAT8011131.1,SAMEA5949564,PDT000620582.1,ATGGGCATAGAATACCGCAGTCTGCATACCAGCCAATTGACACTGAGTGAAAAAGAAGCGCTTTACGATTTATTAATTGAAGGTTTTGAAGGCGATTTTTCGCATGACGATTTCGCGCACACTTTAGGTGGAATGCACGTCATGGCTTTTGATCAACAAAAATTGGTTGGTCATGTTGCAATTATTCAACGCCATATGGCCCTAGATAATACGCCTATCTCTGTAGGGTATGTTGAAGCGATGGTGGTTGAACAAAGTTATCGTCGCCAAGGTATTGGGCGGCAATTGATGCTGCAAACCAATAAAATTATAGCTTCGTGTTATCAATTAGGGCTGCTGTCGGCTTCGGATGATGGACAAAAATTGTATCATTCGGTTGGATGGCAAATCTGGAAAGGTAAGTTGTTTGAATTGAAACAAGGGAGCTATATCCGTTCTATTGAAGAAGAAGGCGGAGTCATGGGCTGGAAAGCGGATGGTGAGGTTGATTTTACCGCTTCGCTTTACTGTGATTTTCGTGGCGGTGATCAGTGGTAA,DACULS010000102.1,+,aac(2')-Ia,aminoglycoside N-acetyltransferase AAC(2')-Ia,Homo sapiens,Providencia alcalifaciens,Germany,178,AMR,core,AMR,AMINOGLYCOSIDE,GENTAMICIN/TOBRAMYCIN,EXACTP,100,100
Providencia stuartii,ELR5293993.1,SAMN37442932,PDT001889663.2,ATGGCTATCGAATATCGCAATCTGCATACATCCCAATTATCACAAGATGAAAAAGAGAGGCTTTATCACTTGCTTGTGGAAGGCTTTGAAGGGGATTTTACGCATGATGATTTTGCACATACTCTCGGTGGAATGCATGTGGTTGCCTTTGACCAACAAAAAATGGTTGGCCATGTTGCGATAATTCAGCGTCATATGGCAATCAATGAAGCGCCTATTTCTGTTGGTTATGTTGAAGCTATGGTGGTTTTACATGACTATCGACGTCAAGGGATTGGGCGACAATTGATGTTACAAACGAATAAAATCATTGGTTCATGTTATCCGTTAGGTTTGTTATCGGCTTCGGAAGAAGGAGAGAAATTGTATCATTCGGTTGGCTGGAGAGTATGGAAAGGCAAACTATTCGAATTAAATCAAGGCCACTATATCCGCTCTATTGAAGAAGAAGGTGGGGTTATGGGCTGGAAAGCTGATGGTGAAATTGATTTGAGTGCTTCACTGTATTGTGATTTTCGCGGCGGTGATCAATGGTAA,ABMPCM020000041.1,+,aac(2')-Ia,aminoglycoside N-acetyltransferase AAC(2')-Ia,Homo sapiens,Providencia alcalifaciens,USA,178,AMR,core,AMR,AMINOGLYCOSIDE,GENTAMICIN/TOBRAMYCIN,HMM,100,83.15
Providencia rettgeri,ELR5046629.1,SAMN23168039,PDT001175572.5,ATGGCTATCGAATATCGCAATCTGCATACATCCCAATTATCACAAGATGAAAAAGAGAGGCTTTATCACTTGCTTGTGGAAGGCTTTGAAGGGGATTTTACGCATGATGATTTTGCACATACTCTCGGTGGAATGCATGTGGTTGCCTTTGACCAACAAAAAATGGTTGGCCATGTTGCGATAATTCAGCGTCATATGGCAATCAATGAAGCGCCTATTTCTGTTGGTTATGTTGAAGCTATGGTGGTTTTACATGACTATCGACGTCAAGGGATTGGGCGACAATTGATGTTACAAACGAATAAAATCATTGGTTCATGTTATCCGTTAGGTTTGTTATCGGCTTCGGAAGAAGGAGAGAAATTGTATCATTCGGTTGGCTGGAGAGTATGGAAAGGCAAACTATTCGAATTAAATCAAGGCCACTATATCCGCTCTATTGAAGAAGAAGGTGGGGTTATGGGCTGGAAAGCTGATGGTGAAATTGATTTGAGTGCTTCACTGTATTGTGATTTTCGCGGCGGTGATCAATGGTAA,ABKGLY030000311.1,+,aac(2')-Ia,aminoglycoside N-acetyltransferase AAC(2')-Ia,Homo sapiens,Providencia alcalifaciens,USA,178,AMR,core,AMR,AMINOGLYCOSIDE,GENTAMICIN/TOBRAMYCIN,HMM,100,83.15
Providencia stuartii,HAU5737095.1,SAMN05581776,PDT000433403.1,ATGGGCATAGAATACCGCAGTCTGCATACCAGCCAATTGACACTGAGTGAAAAAGAAGCGCTTTACGATTTATTAATTGAAGGTTTTGAAGGCGATTTTTCGCATGACGATTTCGCGCACACTTTAGGTGGAATGCACGTCATGGCTTTTGATCAACAAAAATTGGTTGGTCATGTTGCAATTATTCAACGCCATATGGCCCTAGATAATACGCCTATCTCTGTAGGGTATGTTGAAGCGATGGTAGTTGAACAAAGTTATCGTCGCCAAGGTATTGGGCGGCAATTGATGCTGCAAACCAATAAAATTATAGCTTCGTGTTATCAATTAGGGCTGCTGTCGGCTTCAGATGATGGACAAAAATTGTATCATTCGGTTGGATGGCAAATCTGGAAAGGTAAGTTGTTTGAATTGAAACAAGGGAGCTATATCCGTTCTATTGAAGAAGAAGGCGGAGTCATGGGCTGGAAAGCGGATGGTGAGGTTGATTTTACCGCTTCGCTTTACTGTGATTTTCGTGGCGGTGATCAGTGGTAA,DACXUI010000152.1,+,aac(2')-Ia,aminoglycoside N-acetyltransferase AAC(2')-Ia,Homo sapiens,Providencia alcalifaciens,USA: Arizona,178,AMR,core,AMR,AMINOGLYCOSIDE,GENTAMICIN/TOBRAMYCIN,EXACTP,100,100
Providencia stuartii,WP_004918308.1,SAMN11056360,PDT000594170.1,ATGGGCATAGAATACCGCAGTCTGCATACCAGCCAATTGACACTGAGTGAAAAAGAAGCGCTTTACGATTTATTAATTGAAGGTTTTGAAGGCGATTTTTCGCATGACGATTTCGCGCACACTTTAGGTGGAATGCACGTCATGGCTTTTGATCAACAAAAATTGGTTGGTCATGTTGCAATTATTCAACGCCATATGGCCCTAGATAATACGCCTATCTCTGTAGGGTATGTTGAAGCGATGGTAGTTGAACAAAGTTATCGTCGCCAAGGTATTGGGCGGCAATTGATGCTGCAAACCAATAAAATTATAGCTTCGTGTTATCAATTAGGGCTGCTGTCGGCTTCAGATGATGGACAAAAATTGTATCATTCGGTCGGATGGCAAATCTGGAAAGGTAAGTTGTTTGAATTGAAACAAGGGAGCTATATCCGTTCTATTGAAGAAGAAGGCGGAGTCATGGGCTGGAAAGCGGATGGTGAGGTTGATTTTACCGCTTCGCTTTACTGTGATTTTCGTGGCGGTGATCAGTGGTAA,NZ_CP044076.1,+,aac(2')-Ia,aminoglycoside N-acetyltransferase AAC(2')-Ia,Homo sapiens,Providencia alcalifaciens,USA: KY,178,AMR,core,AMR,AMINOGLYCOSIDE,GENTAMICIN/TOBRAMYCIN,EXACTP,100,100
Providencia stuartii,WP_004918308.1,SAMN14048635,PDT000688011.1,TTACCACTGATCACCGCCACGAAAATCACAGTAAAGCGAAGCGGTAAAATCAACCTCACCATCCGCTTTCCAGCCCATGACTCCGCCTTCTTCTTCAATAGAACGGATATAGCTCCCTTGTTTCAATTCAAACAACTTACCTTTCCAGATTTGCCATCCAACCGAATGATACAATTTTTGTCCATCATCCGAAGCCGACAGCAGCCCTAATTGATAACACGAAGCTATAATTTTATTGGTTTGCAGCATCAATTGCCGCCCAATACCTTGGCGACGATAACTTTGTTCAACCACCATCGCTTCAACATACCCTACAGAGATAGGCGTATTATCTAGGGCCATATGGCGTTGAATAATTGCAACATGACCAACCAATTTTTGTTGATCAAAAGCCATGACGTGCATTCCACCTAAAGTGTGCGCGAAATCGTCATGCGAAAAATCGCCTTCAAAACCTTCAATTAATAAATCGTAAAGCGCTTCTTTTTCACTCAGTGTCAATTGGCTGGTATGCAGACTGCGGTATTCTATGCCTAT,NZ_CP048621.1,-,aac(2')-Ia,aminoglycoside N-acetyltransferase AAC(2')-Ia,,Providencia alcalifaciens,China:Shandong,178,AMR,core,AMR,AMINOGLYCOSIDE,GENTAMICIN/TOBRAMYCIN,EXACTP,100,100
Providencia stuartii,ELX8381588.1,SAMN38280533,PDT001986432.1,TTACCATTGATCACCGCCGCGAAAATCACAATACAGTGAAGCACTCAAATCAATTTCACCATCAGCTTTCCAGCCCATAAGCCCACCTTCTTCTTCAATAGAGCGGATATAGTGACCTTGCTTTAATTCGAATAGTTTGCCTTTCCATACTCTCCAGCCAACCGAATGATACAATTTCTCTCCTTCTTCCGAAGCCGATAACAAACCTAACGGATAACATGAACCAATGATTTTATTCGTTTGTAACATCAATTGTCGCCCAATCCCTTGACGTCGATAGTCATGTAAAACCACCATAGCTTCAACATAACCAACAGAAATAGGCGCTTCATTGATTGCCATATGACGCTGAATTATCGCAACATGGCCAACCATTTTTTGTTGGTCAAAGGCAACCACATGCATTCCACCGAGAGTATGTGCAAAATCATCATGCGTAAAATCCCCTTCAAAGCCTTCCACAAGCAAATGATAAAGCCTCTCTTTTTCATCTTGTGATAATTGGGATGTATGCAGATTGCGATATTCGATAGCCAT,ABPBNZ010000050.1,+,aac(2')-Ia,aminoglycoside N-acetyltransferase AAC(2')-Ia,Homo sapiens,Providencia alcalifaciens,USA,178,AMR,core,AMR,AMINOGLYCOSIDE,GENTAMICIN/TOBRAMYCIN,HMM,100,83.15
Providencia stuartii,ELR5123626.1,SAMN14126913,PDT000687529.5,TTACCATTGATCACCGCCGCGAAAATCACAATACAGTGAAGCACTCAAATCAATTTCACCATCAGCTTTCCAGCCCATAACCCCACCTTCTTCTTCAATAGAGCGGATATAGTGGCCTTGCTTTAATTCGAATAGTTTGCCTTTCCATACTCTCCAGCCAACCGAATGATACAATTTCTCTCCTTCTTCCGAAGCCGATAACAAACCTAACGGATAACATGAACCAATGATTTTATTCGTTTGTAACATCAATTGTCGCCCAATCCCTTGACGTCGATAGTCATGTAAAACCACCATAGCTTCAACATAACCAACAGAAATAGGCGCTTCATTGATTGCCATATGACGCTGAATTATCGCAACATGGCCAACCATTTTTTGTTGGTCAAAGGCAACCACATGCATTCCACCGAGAGTATGTGCAAAATCATCATGCGTAAAATCCCCTTCAAAGCCTTCCACAAGCAAGTGATAAAGCCTCTCTTTTTCATCTTGTGATAATTGGGATGTATGCAGATTGCGATATTCGATAGCCAT,ABMACJ020000027.1,+,aac(2')-Ia,aminoglycoside N-acetyltransferase AAC(2')-Ia,Homo sapiens,Providencia alcalifaciens,USA,178,AMR,core,AMR,AMINOGLYCOSIDE,GENTAMICIN/TOBRAMYCIN,HMM,100,83.71
Providencia stuartii,ELR5144813.1,SAMN26314418,PDT001255619.5,TTACCATTGATCACCGCCGCGAAAATCACAATACAGTGAAGCACTCAAATCAATTTCACCATCAGCTTTCCAGCCCATAACCCCACCTTCTTCTTCAATAGAGCGGATATAGTGGCCTTGCTTTAATTCGAATAGTTTGCCTTTCCATACTCTCCAGCCAACCGAATGATACAATTTCTCTCCTTCTTCCGAAGCCGATAACAAACCTAACGGATAACATGAACCAATGATTTTATTCGTTTGTAACATCAATTGTCGCCCAATCCCTTGACGTCGATAGTCATGTAAAACCACCATAGCTTCAACATAACCAACAGAAATAGGCGCTTCATTGATTGCCATATGACGCTGAATTATCGCAACATGGCCAACCATTTTTTGTTGGTCAAAGGCAACCACATGCATTCCACCGAGAGTATGTGCAAAATCATCATGCGTAAAATCCCCTTCAAAGCCTTCCACAAGCAAGTGATAAAGCCTCTCTTTTTCATCTTGTGATAATTGGGATGTATGCAGATTGCGATATTCGATAGCCAT,ABKGIW030000039.1,+,aac(2')-Ia,aminoglycoside N-acetyltransferase AAC(2')-Ia,Homo sapiens,Providencia alcalifaciens,USA,178,AMR,core,AMR,AMINOGLYCOSIDE,GENTAMICIN/TOBRAMYCIN,HMM,100,83.71
Klebsiella pneumoniae,HCI6236487.1,SAMN25041779,PDT001366248.1,ATGGGCATAGAATACCGCAGTCTGCATACCAGCCAATTGACACTGAGTGAAAAAGAAGCGCTTTACGATTTATTAATTGAAGGTTTTGAAGGCGATTTTTCGCATGACGATTTCGCGCACACTTTAGGTGGAATGCACGTCATGGCTTTTGATCAACAAAAATTGGTTGGTCATGTTGCAATTATTCAACGCCATATGGCCCTAGATAATACGCCTATCTCTGTAGGGTATGTTGAAGCGATGGTAGTTGAACAAAGTTATCGTCGCCAAGGTATTGGGCGGCAATTGATGCTGCAAACCAATAAAATTATAGCTTCGTGTTATCAATTAGGGCTGCTGTCGGCTTCGGATGATGGACAAAAATTGTATCATTCGGTTGGATGGCAAATCTGGAAAGGTAAGTTGTTTGAATTGAAACAAGGGAGCTATATCCGTTCTATTGAAGAAGAAGGCGGAGTCATGGGCTGGAAAGCGGATGGTGAGGTTGATTTTACCGCTTCGCTTTACTGTGATTTTCGTGGCGGTGATCAGTGGTAA,DAIIJA010000149.1,+,aac(2')-Ia,aminoglycoside N-acetyltransferase AAC(2')-Ia,Homo sapiens,Klebsiella pneumoniae,Guadeloupe,178,AMR,core,AMR,AMINOGLYCOSIDE,GENTAMICIN/TOBRAMYCIN,EXACTP,100,100
